event_no,club,category,event,round,heat,overall,order,reg_no,fullname,best,value,result,members,summary
1,Tipperary,Senior Women,100m Hurdles (0.838m),*,1,1,1,140_1-,Laura Frawley,15.11,15.106,Gold,,Senior Women 100m Hurdles (0.838m): 1. Laura Frawley (15.11) GOLD
1,East Cork Athletics Division,Senior Women,100m Hurdles (0.838m),*,1,2,2,142_1-,Orla Coffey,17.23,17.229,Silver,,Senior Women 100m Hurdles (0.838m): 2. Orla Coffey (17.23) SILVER
1,Galway,Senior Women,100m Hurdles (0.838m),*,1,3,3,139_1-,Orlaith Mannion,18.12,18.113,Bronze,,Senior Women 100m Hurdles (0.838m): 3. Orlaith Mannion (18.12) BRONZE
1,Sligo,Senior Women,100m Hurdles (0.838m),*,1,4,4,144_1-,Mila Clancy,18.31,18.309,,,Senior Women 100m Hurdles (0.838m): 4. Mila Clancy (18.31) 
1,Kerry,Senior Women,100m Hurdles (0.838m),*,1,5,5,141_1-,Maddie O'Riordan,19.43,19.423,,,Senior Women 100m Hurdles (0.838m): 5. Maddie O'Riordan (19.43) 
1,Louth,Senior Women,100m Hurdles (0.838m),*,1,6,6,143_1-,Sophie Kinsella,19.45,19.448,,,Senior Women 100m Hurdles (0.838m): 6. Sophie Kinsella (19.45) 
2,Donore Harriers,Senior Women,100m Hurdles (0.838m),*,1,1,1,181_2-,Lara O Byrne,14.76,14.752,Gold,,Senior Women 100m Hurdles (0.838m): 1. Lara O Byrne (14.76) GOLD
2,Ratoath AC,Senior Women,100m Hurdles (0.838m),*,1,2,2,178_2-,Caoimhe Fitzsimons,15.22,15.213,Silver,,Senior Women 100m Hurdles (0.838m): 2. Caoimhe Fitzsimons (15.22) SILVER
2,Leevale AC,Senior Women,100m Hurdles (0.838m),*,1,3,3,180_2-,Ellie Vaughan-Redden,15.58,15.571,Bronze,,Senior Women 100m Hurdles (0.838m): 3. Ellie Vaughan-Redden (15.58) BRONZE
2,Dundrum South Dublin AC,Senior Women,100m Hurdles (0.838m),*,1,4,4,175_2-,Kate  Doherty,15.80,15.792,,,Senior Women 100m Hurdles (0.838m): 4. Kate  Doherty (15.80) 
2,St Laurence O Toole AC,Senior Women,100m Hurdles (0.838m),*,1,5,5,176_2-,Emily Lawlor,16.64,16.635,,,Senior Women 100m Hurdles (0.838m): 5. Emily Lawlor (16.64) 
2,Clonliffe Harriers,Senior Women,100m Hurdles (0.838m),*,1,6,6,177_2-,Snezana Bechtina,20.84,20.835,,,Senior Women 100m Hurdles (0.838m): 6. Snezana Bechtina (20.84) 
2,Raheny Shamrock,Senior Women,100m Hurdles (0.838m),*,1,0,0,182_2-,Tbc Raheny Shamrock,DNS,-3,,,Senior Women 100m Hurdles (0.838m): 0. Tbc Raheny Shamrock (DNS) 
2,Lagan Valley AC,Senior Women,100m Hurdles (0.838m),*,1,0,0,179_2-,Lyndsey Glover,DNS,-3,,,Senior Women 100m Hurdles (0.838m): 0. Lyndsey Glover (DNS) 
4,Donegal,Senior Men,110m Hurdles (1.067m),*,1,1,1,146_4-,Finn  O Neill,16.25,16.245,Gold,,Senior Men 110m Hurdles (1.067m): 1. Finn  O Neill (16.25) GOLD
4,Kerry,Senior Men,110m Hurdles (1.067m),*,1,2,2,147_4-,Ger Cremin,17.78,17.779,Silver,,Senior Men 110m Hurdles (1.067m): 2. Ger Cremin (17.78) SILVER
4,Galway,Senior Men,110m Hurdles (1.067m),*,1,3,3,145_4-,Oisin Phelan,20.37,20.369,Bronze,,Senior Men 110m Hurdles (1.067m): 3. Oisin Phelan (20.37) BRONZE
4,East Cork Athletics Division,Senior Men,110m Hurdles (1.067m),*,1,4,4,149_4-,Aidan Maher,20.84,20.832,,,Senior Men 110m Hurdles (1.067m): 4. Aidan Maher (20.84) 
4,Sligo,Senior Men,110m Hurdles (1.067m),*,1,0,0,148_4-,Tbc Sligo,DNS,-3,,,Senior Men 110m Hurdles (1.067m): 0. Tbc Sligo (DNS) 
4,Meath ,Senior Men,110m Hurdles (1.067m),*,1,0,0,150_4-,Psalm Ogundoju,DNS,-3,,,Senior Men 110m Hurdles (1.067m): 0. Psalm Ogundoju (DNS) 
5,Dundrum South Dublin AC,Senior Men,110m Hurdles (1.067m),*,1,1,1,175_5-,Daniel  Conway,15.87,15.866,Gold,,Senior Men 110m Hurdles (1.067m): 1. Daniel  Conway (15.87) GOLD
5,Clonliffe Harriers,Senior Men,110m Hurdles (1.067m),*,1,2,2,189_5-,James Lynch,15.92,15.914,Silver,,Senior Men 110m Hurdles (1.067m): 2. James Lynch (15.92) SILVER
5,Donore Harriers ,Senior Men,110m Hurdles (1.067m),*,1,3,3,198_5-,Michael Mccarthy Snr,20.06,20.06,Bronze,,Senior Men 110m Hurdles (1.067m): 3. Michael Mccarthy Snr (20.06) BRONZE
5,Nenagh Olympic AC,Senior Men,110m Hurdles (1.067m),*,1,4,4,195_5-,Aaron Malik,22.43,22.424,,,Senior Men 110m Hurdles (1.067m): 4. Aaron Malik (22.43) 
5,St Abbans AC,Senior Men,110m Hurdles (1.067m),*,1,0,0,196_5-,Peter  Condron,DNS,-3,,,Senior Men 110m Hurdles (1.067m): 0. Peter  Condron (DNS) 
5,Lagan Valley AC,Senior Men,110m Hurdles (1.067m),*,1,0,0,199_5-,Jack Mccausland,DNF,-2,,,Senior Men 110m Hurdles (1.067m): 0. Jack Mccausland (DNF) 
5,Ratoath AC,Senior Men,110m Hurdles (1.067m),*,1,0,0,197_5-,Stephen Kiernan,DNF,-2,,,Senior Men 110m Hurdles (1.067m): 0. Stephen Kiernan (DNF) 
5,Leevale AC,Senior Men,110m Hurdles (1.067m),*,1,0,0,190_5-,Tbc Leevale Ac,DNS,-3,,,Senior Men 110m Hurdles (1.067m): 0. Tbc Leevale Ac (DNS) 
7,Kerry,Senior Women,1500m Walk,*,1,1,1,141_7-,Éabha De Faoite,6:41.19,401.181,Gold,,Senior Women 1500m Walk: 1. Éabha De Faoite (6:41.19) GOLD
7,Galway,Senior Women,1500m Walk,*,1,2,2,139_7-,Holly Shaughnessy,7:14.29,434.283,Silver,,Senior Women 1500m Walk: 2. Holly Shaughnessy (7:14.29) SILVER
7,East Cork Athletics Division,Senior Women,1500m Walk,*,1,3,3,142_7-,Aoife Martin,7:28.85,448.847,Bronze,,Senior Women 1500m Walk: 3. Aoife Martin (7:28.85) BRONZE
7,Tipperary,Senior Women,1500m Walk,*,1,4,4,140_7-,Niamh Clarke,7:58.93,478.929,,,Senior Women 1500m Walk: 4. Niamh Clarke (7:58.93) 
7,Louth,Senior Women,1500m Walk,*,1,5,5,143_7-,Yasmin Canning,10:18.79,618.783,,,Senior Women 1500m Walk: 5. Yasmin Canning (10:18.79) 
7,Sligo,Senior Women,1500m Walk,*,1,0,0,144_7-,Tbc Sligo,DNS,-3,,,Senior Women 1500m Walk: 0. Tbc Sligo (DNS) 
8,Dundrum South Dublin AC,Senior Women,1500m Walk,*,1,1,1,175_8-,Ciara  Wilson Bowen,6:42.67,402.665,Gold,,Senior Women 1500m Walk: 1. Ciara  Wilson Bowen (6:42.67) GOLD
8,Ratoath AC,Senior Women,1500m Walk,*,1,2,2,178_8-,Teresa Doyle,9:06.80,546.797,Silver,,Senior Women 1500m Walk: 2. Teresa Doyle (9:06.80) SILVER
8,Clonliffe Harriers,Senior Women,1500m Walk,*,1,3,3,177_8-,Niamh  Whyte,9:17.12,557.118,Bronze,,Senior Women 1500m Walk: 3. Niamh  Whyte (9:17.12) BRONZE
8,St Laurence O Toole AC,Senior Women,1500m Walk,*,1,4,4,176_8-,Clare Archbold,10:25.68,625.68,,,Senior Women 1500m Walk: 4. Clare Archbold (10:25.68) 
8,Leevale AC,Senior Women,1500m Walk,*,1,5,5,180_8-,Grainne O'Sullivan,10:44.59,644.59,,,Senior Women 1500m Walk: 5. Grainne O'Sullivan (10:44.59) 
8,Donore Harriers,Senior Women,1500m Walk,*,1,6,6,181_8-,Anne Gormley,11:18.03,678.023,,,Senior Women 1500m Walk: 6. Anne Gormley (11:18.03) 
8,Lagan Valley AC,Senior Women,1500m Walk,*,1,7,7,179_8-,Holly Arthur,13:05.32,785.317,,,Senior Women 1500m Walk: 7. Holly Arthur (13:05.32) 
8,Raheny Shamrock,Senior Women,1500m Walk,*,1,0,0,182_8-,Blaithin Sheil,DNS,-3,,,Senior Women 1500m Walk: 0. Blaithin Sheil (DNS) 
129,Waterford AC,Senior Women,1500m Walk,*,1,1,1,184_9-,Méabh  O'Connor,7:11.80,431.793,Gold,,Senior Women 1500m Walk: 1. Méabh  O'Connor (7:11.80) GOLD
129,Kilkenny City Harriers,Senior Women,1500m Walk,*,1,2,2,185_9-,Sylvia  Lennon,10:51.39,651.382,Silver,,Senior Women 1500m Walk: 2. Sylvia  Lennon (10:51.39) SILVER
129,Enniscorthy AC,Senior Women,1500m Walk,*,1,3,3,187_9-,Lisa Breen,13:39.59,819.59,Bronze,,Senior Women 1500m Walk: 3. Lisa Breen (13:39.59) BRONZE
129,St Abbans AC,Senior Women,1500m Walk,*,1,0,0,183_9-,Laura Graham,DNS,-3,,,Senior Women 1500m Walk: 0. Laura Graham (DNS) 
10,Sligo,Senior Men,1500m Walk,*,1,1,1,148_10-,Luke Fitzsimmons,7:01.21,421.209,Gold,,Senior Men 1500m Walk: 1. Luke Fitzsimmons (7:01.21) GOLD
10,Galway,Senior Men,1500m Walk,*,1,2,2,145_10-,Ciaran Kelleher,7:25.17,445.165,Silver,,Senior Men 1500m Walk: 2. Ciaran Kelleher (7:25.17) SILVER
10,Kerry,Senior Men,1500m Walk,*,1,3,3,147_10-,David  Kissane,10:10.29,610.285,Bronze,,Senior Men 1500m Walk: 3. David  Kissane (10:10.29) BRONZE
10,East Cork Athletics Division,Senior Men,1500m Walk,*,1,4,4,149_10-,Willie Walsh,11:07.84,667.84,,,Senior Men 1500m Walk: 4. Willie Walsh (11:07.84) 
10,Donegal,Senior Men,1500m Walk,*,1,5,5,146_10-,Danny Sharkey,11:40.61,700.605,,,Senior Men 1500m Walk: 5. Danny Sharkey (11:40.61) 
10,Meath ,Senior Men,1500m Walk,*,1,0,0,150_10-,Tbc Meath ,DNS,-3,,,Senior Men 1500m Walk: 0. Tbc Meath  (DNS) 
11,Clonliffe Harriers,Senior Men,1500m Walk,*,1,1,1,189_11-,Greg  Hossenny,8:00.12,480.114,Gold,,Senior Men 1500m Walk: 1. Greg  Hossenny (8:00.12) GOLD
11,Leevale AC,Senior Men,1500m Walk,*,1,2,2,190_11-,Joe  Wolfe,8:49.88,529.88,Silver,,Senior Men 1500m Walk: 2. Joe  Wolfe (8:49.88) SILVER
11,Dundrum South Dublin AC,Senior Men,1500m Walk,*,1,3,3,175_11-,Gary Crossan,9:08.87,548.863,Bronze,,Senior Men 1500m Walk: 3. Gary Crossan (9:08.87) BRONZE
11,Nenagh Olympic AC,Senior Men,1500m Walk,*,1,4,4,195_11-,Benjamin Deegan,10:44.94,644.935,,,Senior Men 1500m Walk: 4. Benjamin Deegan (10:44.94) 
11,Donore Harriers ,Senior Men,1500m Walk,*,1,5,5,198_11-,Alex Conway,11:24.60,684.6,,,Senior Men 1500m Walk: 5. Alex Conway (11:24.60) 
11,St Abbans AC,Senior Men,1500m Walk,*,1,6,6,196_11-,Cormac Dineen,11:26.20,686.199,,,Senior Men 1500m Walk: 6. Cormac Dineen (11:26.20) 
11,Lagan Valley AC,Senior Men,1500m Walk,*,1,7,7,199_11-,John  Glover,11:27.44,687.432,,,Senior Men 1500m Walk: 7. John  Glover (11:27.44) 
11,Ratoath AC,Senior Men,1500m Walk,*,1,0,0,197_11-,Tbc Ratoath Ac,DNS,-3,,,Senior Men 1500m Walk: 0. Tbc Ratoath Ac (DNS) 
13,East Cork Athletics Division,Senior Women,400m Hurdles (0.762m),*,1,1,1,142_13-,Katie Walsh,1:03.06,63.051,Gold,,Senior Women 400m Hurdles (0.762m): 1. Katie Walsh (1:03.06) GOLD
13,Galway,Senior Women,400m Hurdles (0.762m),*,1,2,2,139_13-,Laura Ann Costello,1:06.93,66.926,Silver,,Senior Women 400m Hurdles (0.762m): 2. Laura Ann Costello (1:06.93) SILVER
13,Louth,Senior Women,400m Hurdles (0.762m),*,1,3,3,143_13-,Sophie Kinsella,1:11.64,71.632,Bronze,,Senior Women 400m Hurdles (0.762m): 3. Sophie Kinsella (1:11.64) BRONZE
13,Tipperary,Senior Women,400m Hurdles (0.762m),*,1,4,4,140_13-,Hannah  Larkin,1:11.85,71.848,,,Senior Women 400m Hurdles (0.762m): 4. Hannah  Larkin (1:11.85) 
13,Sligo,Senior Women,400m Hurdles (0.762m),*,1,5,5,144_13-,Laurina Percy,1:15.06,75.051,,,Senior Women 400m Hurdles (0.762m): 5. Laurina Percy (1:15.06) 
13,Kerry,Senior Women,400m Hurdles (0.762m),*,1,6,6,141_13-,Muireann  De Faoite,1:22.05,82.05,,,Senior Women 400m Hurdles (0.762m): 6. Muireann  De Faoite (1:22.05) 
14,Dundrum South Dublin AC,Senior Women,400m Hurdles (0.762m),*,1,1,1,175_14-,Aobh Forde,1:01.23,61.222,Gold,,Senior Women 400m Hurdles (0.762m): 1. Aobh Forde (1:01.23) GOLD
14,Ratoath AC,Senior Women,400m Hurdles (0.762m),*,1,2,2,178_14-,Aisling Shevlin,1:04.34,64.335,Silver,,Senior Women 400m Hurdles (0.762m): 2. Aisling Shevlin (1:04.34) SILVER
14,Donore Harriers,Senior Women,400m Hurdles (0.762m),*,1,3,3,181_14-,Caoimhe Mackey,1:04.72,64.719,Bronze,,Senior Women 400m Hurdles (0.762m): 3. Caoimhe Mackey (1:04.72) BRONZE
14,Leevale AC,Senior Women,400m Hurdles (0.762m),*,1,4,4,180_14-,Ellie Vaughan Redden,1:09.35,69.347,,,Senior Women 400m Hurdles (0.762m): 4. Ellie Vaughan Redden (1:09.35) 
14,Lagan Valley AC,Senior Women,400m Hurdles (0.762m),*,1,5,5,179_14-,Holly Arthur,1:18.34,78.333,,,Senior Women 400m Hurdles (0.762m): 5. Holly Arthur (1:18.34) 
14,St Laurence O Toole AC,Senior Women,400m Hurdles (0.762m),*,1,0,0,176_14-,Jennifer Sawyer,DNF,-2,,,Senior Women 400m Hurdles (0.762m): 0. Jennifer Sawyer (DNF) 
14,Raheny Shamrock,Senior Women,400m Hurdles (0.762m),*,1,0,0,182_14-,Tbc Raheny Shamrock,DNS,-3,,,Senior Women 400m Hurdles (0.762m): 0. Tbc Raheny Shamrock (DNS) 
14,Clonliffe Harriers,Senior Women,400m Hurdles (0.762m),*,1,0,0,177_14-,Saffron Rijinders,DNS,-3,,,Senior Women 400m Hurdles (0.762m): 0. Saffron Rijinders (DNS) 
16,East Cork Athletics Division,Senior Men,400m Hurdles (0.914m),*,1,1,1,149_16-,Ciaran Nugent,54.35,54.35,Gold,,Senior Men 400m Hurdles (0.914m): 1. Ciaran Nugent (54.35) GOLD
16,Sligo,Senior Men,400m Hurdles (0.914m),*,1,2,2,148_16-,Piotr Marciorowski,57.31,57.301,Silver,,Senior Men 400m Hurdles (0.914m): 2. Piotr Marciorowski (57.31) SILVER
16,Kerry,Senior Men,400m Hurdles (0.914m),*,1,3,3,147_16-,Jason O' Reilly,57.58,57.574,Bronze,,Senior Men 400m Hurdles (0.914m): 3. Jason O' Reilly (57.58) BRONZE
16,Galway,Senior Men,400m Hurdles (0.914m),*,1,4,4,145_16-,Oisin Phelan,1:03.80,63.794,,,Senior Men 400m Hurdles (0.914m): 4. Oisin Phelan (1:03.80) 
16,Donegal,Senior Men,400m Hurdles (0.914m),*,1,5,5,146_16-,Brian Boyce,1:06.73,66.724,,,Senior Men 400m Hurdles (0.914m): 5. Brian Boyce (1:06.73) 
16,Meath ,Senior Men,400m Hurdles (0.914m),*,1,0,0,150_16-,Tbc Meath ,DNS,-3,,,Senior Men 400m Hurdles (0.914m): 0. Tbc Meath  (DNS) 
17,Dundrum South Dublin AC,Senior Men,400m Hurdles (0.914m),*,1,1,1,175_17-,Daniel  Conway,57.79,57.787,Gold,,Senior Men 400m Hurdles (0.914m): 1. Daniel  Conway (57.79) GOLD
17,St Abbans AC,Senior Men,400m Hurdles (0.914m),*,1,2,2,196_17-,James Hyland,59.31,59.306,Silver,,Senior Men 400m Hurdles (0.914m): 2. James Hyland (59.31) SILVER
17,Clonliffe Harriers,Senior Men,400m Hurdles (0.914m),*,1,3,3,189_17-,James  Lynch,59.50,59.494,Bronze,,Senior Men 400m Hurdles (0.914m): 3. James  Lynch (59.50) BRONZE
17,Ratoath AC,Senior Men,400m Hurdles (0.914m),*,1,4,4,197_17-,Ben Hughes,1:00.40,60.394,,,Senior Men 400m Hurdles (0.914m): 4. Ben Hughes (1:00.40) 
17,Donore Harriers ,Senior Men,400m Hurdles (0.914m),*,1,5,5,198_17-,Daragh Macauley,1:03.57,63.562,,,Senior Men 400m Hurdles (0.914m): 5. Daragh Macauley (1:03.57) 
17,Nenagh Olympic AC,Senior Men,400m Hurdles (0.914m),*,1,6,6,195_17-,Jack Hickey,1:05.77,65.767,,,Senior Men 400m Hurdles (0.914m): 6. Jack Hickey (1:05.77) 
17,Leevale AC,Senior Men,400m Hurdles (0.914m),*,1,7,7,190_17-,Alex Neff,1:06.37,66.368,,,Senior Men 400m Hurdles (0.914m): 7. Alex Neff (1:06.37) 
17,Lagan Valley AC,Senior Men,400m Hurdles (0.914m),*,1,0,0,199_17-,Rhys Mcmanus,DNS,-3,,,Senior Men 400m Hurdles (0.914m): 0. Rhys Mcmanus (DNS) 
126,Galway,Senior Women,4x100m Relay,*,1,1,1,,Galway,48.39,48.39,Gold,"Nally, Laura, Quirke, Nicole, Moynihan, Danielle, Walsh, Nicole , Treacy, Sinead, Costello, Laura Ann, ",Senior Women 4x100m Relay: 1. Galway (48.39) GOLD
126,Kerry,Senior Women,4x100m Relay,*,1,2,2,,Kerry,49.05,49.047,Silver,"Walker, Nicole , Daly , Roisin, O'Riordan , Maddie , O'Connor , Keelie , Kerry, Tbc, Kerry, Tbc, ",Senior Women 4x100m Relay: 2. Kerry (49.05) SILVER
126,Sligo,Senior Women,4x100m Relay,*,1,3,3,,Sligo,50.23,50.221,Bronze,"Mcdonagh, Caoimhe, Boland, Amy, Clancy, Mila, Percy, Laaurina, Sligo, Tbc, Sligo, Tbc, ",Senior Women 4x100m Relay: 3. Sligo (50.23) BRONZE
126,Tipperary,Senior Women,4x100m Relay,*,1,4,4,,Tipperary,51.67,51.669,,"Frawlwy, Laura, Darcy, Sarah, Larkin, Hannah , Davidson, Emily, Berry, Leah, Bergin, Katie, ",Senior Women 4x100m Relay: 4. Tipperary (51.67) 
126,Louth,Senior Women,4x100m Relay,*,1,5,5,,Louth,51.77,51.763,,"Adebola, Daniella, Ovie, Victoria, Kinsella, Sophie, Mcteggart, Amy, Brady, Niamh, Mcloughlin, Orla, ",Senior Women 4x100m Relay: 5. Louth (51.77) 
126,East Cork Athletics Division,Senior Women,4x100m Relay,*,1,6,6,,East Cork Athletics Division,52.28,52.279,,"O'Meara, Isobel, Lynch, Lucy, Akinkoulie, Emma, Geoghegan, Caoimhe, Gray Walsh, Caoimhe, East Cork Athletics Division, Tbc, ",Senior Women 4x100m Relay: 6. East Cork Athletics Division (52.28) 
20,Dundrum South Dublin AC,Senior Women,4x100m Relay,*,1,1,1,,Dundrum South Dublin AC,48.23,48.225,Gold,"Hanrahan, Jennifer , Doherty, Kate , Forde, Aobh, Lynch, Rachel, King, Louise, Dunne, Rachel, ",Senior Women 4x100m Relay: 1. Dundrum South Dublin AC (48.23) GOLD
20,Leevale AC,Senior Women,4x100m Relay,*,1,2,2,,Leevale AC,48.25,48.25,Silver,"O'Sullivan, Elena, Mulcahy, Sophie, Cronin, Tara, Ahern, Giselle, Scriven, Faye, Mulcahy, Noelle, ",Senior Women 4x100m Relay: 2. Leevale AC (48.25) SILVER
20,Ratoath AC,Senior Women,4x100m Relay,*,1,3,3,,Ratoath AC,48.87,48.863,Bronze,"Harrison, Lorena , Stratford, Aisling, Murphy, Niamh, Carrigan, Saoirse, Ratoath Ac, Tbc, Shevlin, Aisling, ",Senior Women 4x100m Relay: 3. Ratoath AC (48.87) BRONZE
20,Clonliffe Harriers,Senior Women,4x100m Relay,*,1,4,4,,Clonliffe Harriers,50.33,50.328,,"Tenanty, Niamh , Bechtina, Snezana, Bergin, Leah , Jachna, Emily , Scanlon, Lily, Maguire, Edel , ",Senior Women 4x100m Relay: 4. Clonliffe Harriers (50.33) 
20,St Laurence O Toole AC,Senior Women,4x100m Relay,*,1,5,5,,St Laurence O Toole AC,50.43,50.421,,"Lawlor, Emily, Ryan, Chloe, O Byrne, Cassie , Granjo, Sofia , St Laurence O Toole Ac, Tbc, St Laurence O Toole Ac, Tbc, ",Senior Women 4x100m Relay: 5. St Laurence O Toole AC (50.43) 
20,Donore Harriers,Senior Women,4x100m Relay,*,1,6,6,,Donore Harriers,50.65,50.645,,"Nwedo, Cindy, Mcpartlan, Eva, Jackson, Isabella, Osasanaga Osawe, Zion, Omozee, Melady, Donore Harriers, Tbc, ",Senior Women 4x100m Relay: 6. Donore Harriers (50.65) 
20,Lagan Valley AC,Senior Women,4x100m Relay,*,1,7,7,,Lagan Valley AC,50.66,50.655,,"Evans, Beth , Hogg, Anna, Mcmahon, Erin , Mccarron, Isa, Cochrane, Hannah, Lagan Valley Ac, Tbc, ",Senior Women 4x100m Relay: 7. Lagan Valley AC (50.66) 
20,Raheny Shamrock,Senior Women,4x100m Relay,*,1,0,0,,Raheny Shamrock,DNS,-3,,"Raheny Shamrock, Tbc, Raheny Shamrock, Tbc, Raheny Shamrock, Tbc, Raheny Shamrock, Tbc, Raheny Shamrock, Tbc, Raheny Shamrock, Tbc, ",Senior Women 4x100m Relay: 0. Raheny Shamrock (DNS) 
21,Sligo,Senior Men,4x100m Relay,*,1,1,1,,Sligo,42.76,42.756,Gold,"Marciorowski, Piotr, Cullinan, Brian, Mcdonagh, Conor, Mccabe, Tom, Sligo, Tbc, Sligo, Tbc, ",Senior Men 4x100m Relay: 1. Sligo (42.76) GOLD
21,Donegal,Senior Men,4x100m Relay,*,1,2,2,,Donegal,44.01,44.002,Silver,"Nyoni, Sheldon Romeo, Aidoo, Joseph , Okoh, Elvis, O'Neill, Finn, Donegal, Tbc, Donegal, Tbc, ",Senior Men 4x100m Relay: 2. Donegal (44.01) SILVER
21,Galway,Senior Men,4x100m Relay,*,1,3,3,,Galway,44.02,44.018,Bronze,"Ukaga, Nick, Ogbemudia, Christian, Ewere, Leon, Lucciano, Lemar, Galway, Tbc, Galway, Tbc, ",Senior Men 4x100m Relay: 3. Galway (44.02) BRONZE
21,East Cork Athletics Division,Senior Men,4x100m Relay,*,1,4,4,,East Cork Athletics Division,44.64,44.64,,"Hughes, Conor , Boyle, Ruaidhri, Fraczek, Wojciech, Jaworski, Alex, Ahern, Jack, East Cork Athletics Division, Tbc, ",Senior Men 4x100m Relay: 4. East Cork Athletics Division (44.64) 
21,Kerry,Senior Men,4x100m Relay,*,1,5,5,,Kerry,44.73,44.722,,"O' Leary, Brendan, Nassar, Adam, Credo, James , Merkevicius, Klaidus, Lane, David , Mccarthy, Ciaran, ",Senior Men 4x100m Relay: 5. Kerry (44.73) 
21,Meath ,Senior Men,4x100m Relay,*,1,6,6,,Meath ,47.90,47.897,,"Higgins, Robert, Carberry, Tp, Gormley, Tom, Clarke, Ethan, Rpaduwa, Chucks, Meath , Tbc, ",Senior Men 4x100m Relay: 6. Meath  (47.90) 
22,Clonliffe Harriers,Senior Men,4x100m Relay,*,1,1,1,,Clonliffe Harriers,42.11,42.107,Gold,"Friel, Pierce, Sibanda, Christopher, Dillon, Anthony, Duffy, Graig, Kanimodo, Bilal, Clonliffe Harriers, Tbc, ",Senior Men 4x100m Relay: 1. Clonliffe Harriers (42.11) GOLD
22,Nenagh Olympic AC,Senior Men,4x100m Relay,*,1,2,2,,Nenagh Olympic AC,42.64,42.637,Silver,"Ryan, Ronan, Hassett, Padraic, Miniter, Joseph, White, Paul, Hickey, Jack, Ryan, Alex, ",Senior Men 4x100m Relay: 2. Nenagh Olympic AC (42.64) SILVER
22,Dundrum South Dublin AC,Senior Men,4x100m Relay,*,1,3,3,,Dundrum South Dublin AC,43.83,43.825,Bronze,"Conway, Daniel, Mcconville, Darragh, Hempenstall, Ethan, Hauer, Ben, Dundrum South Dublin Ac, Tbc, Dundrum South Dublin Ac, Tbc, ",Senior Men 4x100m Relay: 3. Dundrum South Dublin AC (43.83) BRONZE
22,Leevale AC,Senior Men,4x100m Relay,*,1,4,4,,Leevale AC,44.27,44.263,,"Morey, Conor, Morey, Conor, Dee, Ciaran , Mullins, Luke, Wilkins, Matthew, ",Senior Men 4x100m Relay: 4. Leevale AC (44.27) 
22,Ratoath AC,Senior Men,4x100m Relay,*,1,5,5,,Ratoath AC,44.41,44.402,,"Witter, Gavin, Doyle, Emmet, Ennis, Sean, Hughes, Ben, Ratoath Ac, Tbc, Ratoath Ac, Tbc, ",Senior Men 4x100m Relay: 5. Ratoath AC (44.41) 
22,Donore Harriers ,Senior Men,4x100m Relay,*,1,6,6,,Donore Harriers ,44.67,44.668,,"Farrell, Ciarán, Nwedo, Sean, Dunne, James, Nwedo, Leon, Nwedo, Divine, Livingston Young, Harmony, ",Senior Men 4x100m Relay: 6. Donore Harriers  (44.67) 
22,Lagan Valley AC,Senior Men,4x100m Relay,*,1,7,7,,Lagan Valley AC,47.37,47.361,,"Nelson, Kriss , Proctor, Andrew , Glover, Jude, Parke, Maurice, Glover, Jude, Lagan Valley Ac, Tbc, ",Senior Men 4x100m Relay: 7. Lagan Valley AC (47.37) 
22,St Abbans AC,Senior Men,4x100m Relay,*,1,0,0,,St Abbans AC,DNS,-3,,"St Abbans Ac, Tbc, St Abbans Ac, Tbc, St Abbans Ac, Tbc, St Abbans Ac, Tbc, St Abbans Ac, Tbc, St Abbans Ac, Tbc, ",Senior Men 4x100m Relay: 0. St Abbans AC (DNS) 
23,Tipperary,Senior Women,1500m,*,1,1,1,140_23-,Jennifer O'Leary,4:35.04,275.035,Gold,,Senior Women 1500m: 1. Jennifer O'Leary (4:35.04) GOLD
23,Louth,Senior Women,1500m,*,1,2,2,143_23-,Kelly Breen,4:37.14,277.131,Silver,,Senior Women 1500m: 2. Kelly Breen (4:37.14) SILVER
23,Kerry,Senior Women,1500m,*,1,3,3,141_23-,Lily  Riordan ,4:47.27,287.268,Bronze,,Senior Women 1500m: 3. Lily  Riordan  (4:47.27) BRONZE
23,Sligo,Senior Women,1500m,*,1,4,4,144_23-,Eimear O'Brien,4:49.15,289.147,,,Senior Women 1500m: 4. Eimear O'Brien (4:49.15) 
23,East Cork Athletics Division,Senior Women,1500m,*,1,5,5,142_23-,Alex Cashman,4:52.37,292.37,,,Senior Women 1500m: 5. Alex Cashman (4:52.37) 
23,Galway,Senior Women,1500m,*,1,6,6,139_23-,Aoibhinn Redington,4:58.22,298.213,,,Senior Women 1500m: 6. Aoibhinn Redington (4:58.22) 
24,Dundrum South Dublin AC,Senior Women,1500m,*,1,1,1,175_24-,Eimear Maher,4:24.06,264.055,Gold,,Senior Women 1500m: 1. Eimear Maher (4:24.06) GOLD
24,Leevale AC,Senior Women,1500m,*,1,2,2,180_24-,Anika Thompson,4:27.56,267.552,Silver,,Senior Women 1500m: 2. Anika Thompson (4:27.56) SILVER
24,Clonliffe Harriers,Senior Women,1500m,*,1,3,3,177_24-,Alannah Cooley,4:44.26,284.259,Bronze,,Senior Women 1500m: 3. Alannah Cooley (4:44.26) BRONZE
24,Ratoath AC,Senior Women,1500m,*,1,4,4,178_24-,Lily Flood,4:51.65,291.647,,,Senior Women 1500m: 4. Lily Flood (4:51.65) 
24,Lagan Valley AC,Senior Women,1500m,*,1,5,5,179_24-,Katie Keown,4:59.00,298.992,,,Senior Women 1500m: 5. Katie Keown (4:59.00) 
24,St Laurence O Toole AC,Senior Women,1500m,*,1,6,6,176_24-,Maria Dunne,5:12.60,312.592,,,Senior Women 1500m: 6. Maria Dunne (5:12.60) 
24,Raheny Shamrock,Senior Women,1500m,*,1,7,7,182_24-,Esther Ntoko,5:35.76,335.751,,,Senior Women 1500m: 7. Esther Ntoko (5:35.76) 
24,Donore Harriers,Senior Women,1500m,*,1,0,0,181_24-,Anna Watson,DNS,-3,,,Senior Women 1500m: 0. Anna Watson (DNS) 
26,Galway,Senior Men,1500m,*,1,1,1,145_26-,Oisin Davis,3:53.21,233.204,Gold,,Senior Men 1500m: 1. Oisin Davis (3:53.21) GOLD
26,East Cork Athletics Division,Senior Men,1500m,*,1,2,2,149_26-,Odhrán O'Sullivan,3:55.84,235.839,Silver,,Senior Men 1500m: 2. Odhrán O'Sullivan (3:55.84) SILVER
26,Meath ,Senior Men,1500m,*,1,3,3,150_26-,Ethan Mcdonald,4:37.50,277.5,Bronze,,Senior Men 1500m: 3. Ethan Mcdonald (4:37.50) BRONZE
26,Sligo,Senior Men,1500m,*,1,4,4,148_26-,Francis Donoghue,6:06.52,366.517,,,Senior Men 1500m: 4. Francis Donoghue (6:06.52) 
26,Donegal,Senior Men,1500m,*,1,5,5,146_26-,Caolan Mcfadden,7:48.16,468.153,,,Senior Men 1500m: 5. Caolan Mcfadden (7:48.16) 
26,Kerry,Senior Men,1500m,*,1,0,0,147_26-,Ray Horgan,DNS,-3,,,Senior Men 1500m: 0. Ray Horgan (DNS) 
27,Donore Harriers ,Senior Men,1500m,*,1,1,1,198_27-,John Travers,3:57.77,237.767,Gold,,Senior Men 1500m: 1. John Travers (3:57.77) GOLD
27,Clonliffe Harriers,Senior Men,1500m,*,1,2,2,189_27-,Lorcan Benjacar,3:57.95,237.941,Silver,,Senior Men 1500m: 2. Lorcan Benjacar (3:57.95) SILVER
27,Dundrum South Dublin AC,Senior Men,1500m,*,1,3,3,175_27-,Jamie Byrne,4:00.58,240.579,Bronze,,Senior Men 1500m: 3. Jamie Byrne (4:00.58) BRONZE
27,Nenagh Olympic AC,Senior Men,1500m,*,1,4,4,195_27-,Cian Hodgins,4:02.13,242.125,,,Senior Men 1500m: 4. Cian Hodgins (4:02.13) 
27,Leevale AC,Senior Men,1500m,*,1,5,5,190_27-,Ben Leen-Smith,4:03.34,243.334,,,Senior Men 1500m: 5. Ben Leen-Smith (4:03.34) 
27,St Abbans AC,Senior Men,1500m,*,1,6,6,196_27-,Brian Kelly,4:05.83,245.83,,,Senior Men 1500m: 6. Brian Kelly (4:05.83) 
27,Lagan Valley AC,Senior Men,1500m,*,1,7,7,199_27-,Noah Kavanagh,4:07.62,247.613,,,Senior Men 1500m: 7. Noah Kavanagh (4:07.62) 
27,Ratoath AC,Senior Men,1500m,*,1,8,8,197_27-,James Kellly,4:13.53,253.529,,,Senior Men 1500m: 8. James Kellly (4:13.53) 
29,Galway,Senior Women,400m Sprint,*,1,1,1,139_29-,Sinead Treacy,55.39,55.39,Gold,,Senior Women 400m Sprint: 1. Sinead Treacy (55.39) GOLD
29,Tipperary,Senior Women,400m Sprint,*,1,2,2,140_29-,Emer Brennan,57.89,57.889,Silver,,Senior Women 400m Sprint: 2. Emer Brennan (57.89) SILVER
29,East Cork Athletics Division,Senior Women,400m Sprint,*,1,3,3,142_29-,Caoimhe Gray Walsh,58.63,58.628,Bronze,,Senior Women 400m Sprint: 3. Caoimhe Gray Walsh (58.63) BRONZE
29,Kerry,Senior Women,400m Sprint,*,1,4,4,141_29-,Roisin Daly ,1:01.18,61.171,,,Senior Women 400m Sprint: 4. Roisin Daly  (1:01.18) 
29,Louth,Senior Women,400m Sprint,*,1,5,5,143_29-,Chloe Cooney,1:03.06,63.051,,,Senior Women 400m Sprint: 5. Chloe Cooney (1:03.06) 
29,Sligo,Senior Women,400m Sprint,*,1,6,6,144_29-,Tbc Sligo,1:04.97,64.965,,,Senior Women 400m Sprint: 6. Tbc Sligo (1:04.97) 
30,Dundrum South Dublin AC,Senior Women,400m Sprint,*,1,1,1,175_30-,Charlotte Bourke,57.37,57.368,Gold,,Senior Women 400m Sprint: 1. Charlotte Bourke (57.37) GOLD
30,St Laurence O Toole AC,Senior Women,400m Sprint,*,1,2,2,176_30-,Cassie  O Byrne,57.43,57.424,Silver,,Senior Women 400m Sprint: 2. Cassie  O Byrne (57.43) SILVER
30,Clonliffe Harriers,Senior Women,400m Sprint,*,1,3,3,177_30-,Leah  Bergin,58.01,58.005,Bronze,,Senior Women 400m Sprint: 3. Leah  Bergin (58.01) BRONZE
30,Ratoath AC,Senior Women,400m Sprint,*,1,4,4,178_30-,Aisling Startford,58.38,58.371,,,Senior Women 400m Sprint: 4. Aisling Startford (58.38) 
30,Lagan Valley AC,Senior Women,400m Sprint,*,1,5,5,179_30-,Isa Mccarron,59.31,59.304,,,Senior Women 400m Sprint: 5. Isa Mccarron (59.31) 
30,Raheny Shamrock,Senior Women,400m Sprint,*,1,6,6,182_30-,Freyja O Carroll,59.63,59.629,,,Senior Women 400m Sprint: 6. Freyja O Carroll (59.63) 
30,Leevale AC,Senior Women,400m Sprint,*,1,7,7,180_30-,Kate O'Donovan,1:00.24,60.237,,,Senior Women 400m Sprint: 7. Kate O'Donovan (1:00.24) 
30,Donore Harriers,Senior Women,400m Sprint,*,1,8,8,181_30-,Caoimhe Mackey,1:01.46,61.452,,,Senior Women 400m Sprint: 8. Caoimhe Mackey (1:01.46) 
32,Donegal,Senior Men,400m Sprint,*,1,1,1,146_32-,Joseph  Aidoo,50.11,50.103,Gold,,Senior Men 400m Sprint: 1. Joseph  Aidoo (50.11) GOLD
32,Kerry,Senior Men,400m Sprint,*,1,2,2,147_32-,Jack Greaney,50.84,50.839,Silver,,Senior Men 400m Sprint: 2. Jack Greaney (50.84) SILVER
32,Sligo,Senior Men,400m Sprint,*,1,3,3,148_32-,Briain Cullinan,50.89,50.886,Bronze,,Senior Men 400m Sprint: 3. Briain Cullinan (50.89) BRONZE
32,East Cork Athletics Division,Senior Men,400m Sprint,*,1,4,4,149_32-,Ruaidhri Boyle,53.10,53.097,,,Senior Men 400m Sprint: 4. Ruaidhri Boyle (53.10) 
32,Galway,Senior Men,400m Sprint,*,1,5,5,145_32-,Ben Edeh,53.49,53.483,,,Senior Men 400m Sprint: 5. Ben Edeh (53.49) 
32,Meath ,Senior Men,400m Sprint,*,1,6,6,150_32-,Ethan Clarke,57.64,57.64,,,Senior Men 400m Sprint: 6. Ethan Clarke (57.64) 
33,Nenagh Olympic AC,Senior Men,400m Sprint,*,1,1,1,195_33-,Paul White,48.68,48.671,Gold,,Senior Men 400m Sprint: 1. Paul White (48.68) GOLD
33,Dundrum South Dublin AC,Senior Men,400m Sprint,*,1,2,2,175_33-,Andrew Hayes,48.86,48.855,Silver,,Senior Men 400m Sprint: 2. Andrew Hayes (48.86) SILVER
33,Clonliffe Harriers,Senior Men,400m Sprint,*,1,3,3,189_33-,Christopher Lynch,48.87,48.864,Bronze,,Senior Men 400m Sprint: 3. Christopher Lynch (48.87) BRONZE
33,St Abbans AC,Senior Men,400m Sprint,*,1,4,4,196_33-,John  Delaney,50.83,50.826,,,Senior Men 400m Sprint: 4. John  Delaney (50.83) 
33,Donore Harriers ,Senior Men,400m Sprint,*,1,5,5,198_33-,Alex Leonard,51.32,51.314,,,Senior Men 400m Sprint: 5. Alex Leonard (51.32) 
33,Lagan Valley AC,Senior Men,400m Sprint,*,1,6,6,199_33-,James Ashley,53.17,53.163,,,Senior Men 400m Sprint: 6. James Ashley (53.17) 
33,Ratoath AC,Senior Men,400m Sprint,*,1,7,7,197_33-,Jason Murray,53.64,53.635,,,Senior Men 400m Sprint: 7. Jason Murray (53.64) 
33,Leevale AC,Senior Men,400m Sprint,*,1,8,8,190_33-,Ronan Keenan,54.66,54.659,,,Senior Men 400m Sprint: 8. Ronan Keenan (54.66) 
35,Louth,Senior Women,3000m,*,1,1,1,143_35-,Abbie Sheridan,9:50.17,590.167,Gold,,Senior Women 3000m: 1. Abbie Sheridan (9:50.17) GOLD
35,Tipperary,Senior Women,3000m,*,1,2,2,140_35-,Laura Cooney,10:02.78,602.771,Silver,,Senior Women 3000m: 2. Laura Cooney (10:02.78) SILVER
35,East Cork Athletics Division,Senior Women,3000m,*,1,3,3,142_35-,Ava Chandler,11:06.51,666.509,Bronze,,Senior Women 3000m: 3. Ava Chandler (11:06.51) BRONZE
35,Galway,Senior Women,3000m,*,1,4,4,139_35-,Niamh Mcwalter,11:12.63,672.627,,,Senior Women 3000m: 4. Niamh Mcwalter (11:12.63) 
35,Kerry,Senior Women,3000m,*,1,5,5,141_35-,Noelle  Dillon ,11:53.09,713.082,,,Senior Women 3000m: 5. Noelle  Dillon  (11:53.09) 
35,Sligo,Senior Women,3000m,*,1,0,0,144_35-,Aoife Kilgallon,DNS,-3,,,Senior Women 3000m: 0. Aoife Kilgallon (DNS) 
36,Leevale AC,Senior Women,3000m,*,1,1,1,180_36-,Hannah Steeds,9:48.94,588.932,Gold,,Senior Women 3000m: 1. Hannah Steeds (9:48.94) GOLD
36,Lagan Valley AC,Senior Women,3000m,*,1,2,2,179_36-,Rebecca Wallace,9:51.91,591.907,Silver,,Senior Women 3000m: 2. Rebecca Wallace (9:51.91) SILVER
36,Raheny Shamrock,Senior Women,3000m,*,1,3,3,182_36-,Lucy  Barrett,10:02.50,602.5,Bronze,,Senior Women 3000m: 3. Lucy  Barrett (10:02.50) BRONZE
36,Dundrum South Dublin AC,Senior Women,3000m,*,1,4,4,175_36-,Maria Mccambridge,10:14.45,614.447,,,Senior Women 3000m: 4. Maria Mccambridge (10:14.45) 
36,St Laurence O Toole AC,Senior Women,3000m,*,1,5,5,176_36-,Leah Lawler,10:21.06,621.058,,,Senior Women 3000m: 5. Leah Lawler (10:21.06) 
36,Donore Harriers,Senior Women,3000m,*,1,6,6,181_36-,Lily Clarke,10:26.71,626.704,,,Senior Women 3000m: 6. Lily Clarke (10:26.71) 
36,Ratoath AC,Senior Women,3000m,*,1,7,7,178_36-,Aine O' Connor,10:28.41,628.409,,,Senior Women 3000m: 7. Aine O' Connor (10:28.41) 
36,Clonliffe Harriers,Senior Women,3000m,*,1,8,8,177_36-,Aisling Andrews,11:43.52,703.517,,,Senior Women 3000m: 8. Aisling Andrews (11:43.52) 
38,Galway,Senior Men,3000m Steeplechase (0.914m),*,1,1,1,145_38-,Abaas Adam Edris,9:38.11,578.103,Gold,,Senior Men 3000m Steeplechase (0.914m): 1. Abaas Adam Edris (9:38.11) GOLD
38,East Cork Athletics Division,Senior Men,3000m Steeplechase (0.914m),*,1,2,2,149_38-,John Spelman,10:39.33,639.321,Silver,,Senior Men 3000m Steeplechase (0.914m): 2. John Spelman (10:39.33) SILVER
38,Sligo,Senior Men,3000m Steeplechase (0.914m),*,1,3,3,148_38-,Ross Campbell,10:50.07,650.067,Bronze,,Senior Men 3000m Steeplechase (0.914m): 3. Ross Campbell (10:50.07) BRONZE
38,Kerry,Senior Men,3000m Steeplechase (0.914m),*,1,4,4,147_38-,Ray Horgan,11:02.33,662.325,,,Senior Men 3000m Steeplechase (0.914m): 4. Ray Horgan (11:02.33) 
38,Donegal,Senior Men,3000m Steeplechase (0.914m),*,1,5,5,146_38-,Adam Friel,14:34.77,874.765,,,Senior Men 3000m Steeplechase (0.914m): 5. Adam Friel (14:34.77) 
38,Meath ,Senior Men,3000m Steeplechase (0.914m),*,1,0,0,150_38-,Tbc Meath ,DNS,-3,,,Senior Men 3000m Steeplechase (0.914m): 0. Tbc Meath  (DNS) 
39,Dundrum South Dublin AC,Senior Men,3000m Steeplechase (0.914m),*,1,1,1,175_39-,Aaron Donnelly,9:33.49,573.488,Gold,,Senior Men 3000m Steeplechase (0.914m): 1. Aaron Donnelly (9:33.49) GOLD
39,Nenagh Olympic AC,Senior Men,3000m Steeplechase (0.914m),*,1,2,2,195_39-,Diarmuid Moloney,9:52.11,592.104,Silver,,Senior Men 3000m Steeplechase (0.914m): 2. Diarmuid Moloney (9:52.11) SILVER
39,Clonliffe Harriers,Senior Men,3000m Steeplechase (0.914m),*,1,3,3,189_39-,Liam Arthur,10:25.29,625.283,Bronze,,Senior Men 3000m Steeplechase (0.914m): 3. Liam Arthur (10:25.29) BRONZE
39,Donore Harriers ,Senior Men,3000m Steeplechase (0.914m),*,1,4,4,198_39-,Callum Twomey,10:32.98,632.976,,,Senior Men 3000m Steeplechase (0.914m): 4. Callum Twomey (10:32.98) 
39,St Abbans AC,Senior Men,3000m Steeplechase (0.914m),*,1,5,5,196_39-,Will Duffy,10:34.89,634.884,,,Senior Men 3000m Steeplechase (0.914m): 5. Will Duffy (10:34.89) 
39,Ratoath AC,Senior Men,3000m Steeplechase (0.914m),*,1,6,6,197_39-,Finn Donnelly,11:02.02,662.015,,,Senior Men 3000m Steeplechase (0.914m): 6. Finn Donnelly (11:02.02) 
39,Leevale AC,Senior Men,3000m Steeplechase (0.914m),*,1,7,7,190_39-,Heywood Richardson,11:17.23,677.225,,,Senior Men 3000m Steeplechase (0.914m): 7. Heywood Richardson (11:17.23) 
39,Lagan Valley AC,Senior Men,3000m Steeplechase (0.914m),*,1,8,8,199_39-,Tommy Arthur,11:34.11,694.107,,,Senior Men 3000m Steeplechase (0.914m): 8. Tommy Arthur (11:34.11) 
41,Galway,Senior Women,200m Sprint,*,1,1,1,139_41-,Nicole  Walsh,25.47,25.467,Gold,,Senior Women 200m Sprint: 1. Nicole  Walsh (25.47) GOLD
41,Tipperary,Senior Women,200m Sprint,*,1,2,2,140_41-,Sophie  Walker,25.78,25.778,Silver,,Senior Women 200m Sprint: 2. Sophie  Walker (25.78) SILVER
41,Louth,Senior Women,200m Sprint,*,1,3,3,143_41-,Daniella Adebola,26.45,26.45,Bronze,,Senior Women 200m Sprint: 3. Daniella Adebola (26.45) BRONZE
41,Kerry,Senior Women,200m Sprint,*,1,4,4,141_41-,Nicole Walker,26.78,26.771,,,Senior Women 200m Sprint: 4. Nicole Walker (26.78) 
41,Sligo,Senior Women,200m Sprint,*,1,5,5,144_41-,Amy Boland,27.04,27.039,,,Senior Women 200m Sprint: 5. Amy Boland (27.04) 
41,East Cork Athletics Division,Senior Women,200m Sprint,*,1,6,6,142_41-,Lucy Lynch,27.19,27.189,,,Senior Women 200m Sprint: 6. Lucy Lynch (27.19) 
42,Dundrum South Dublin AC,Senior Women,200m Sprint,*,1,1,1,175_42-,Kate  Doherty,24.66,24.658,Gold,,Senior Women 200m Sprint: 1. Kate  Doherty (24.66) GOLD
42,Ratoath AC,Senior Women,200m Sprint,*,1,2,2,178_42-,Lorena  Harrison,25.47,25.469,Silver,,Senior Women 200m Sprint: 2. Lorena  Harrison (25.47) SILVER
42,St Laurence O Toole AC,Senior Women,200m Sprint,*,1,3,3,176_42-,Sofia  Granjo,25.95,25.95,Bronze,,Senior Women 200m Sprint: 3. Sofia  Granjo (25.95) BRONZE
42,Raheny Shamrock,Senior Women,200m Sprint,*,1,4,4,182_42-,Angela Castell Rodriguez,26.18,26.174,,,Senior Women 200m Sprint: 4. Angela Castell Rodriguez (26.18) 
42,Lagan Valley AC,Senior Women,200m Sprint,*,1,5,5,179_42-,Erin  Mcmahon,26.57,26.565,,,Senior Women 200m Sprint: 5. Erin  Mcmahon (26.57) 
42,Leevale AC,Senior Women,200m Sprint,*,1,5,5,180_42-,Sophie Mulcahy,26.57,26.565,,,Senior Women 200m Sprint: 5. Sophie Mulcahy (26.57) 
42,Donore Harriers,Senior Women,200m Sprint,*,1,7,7,181_42-,Eva Mcpartlan,26.83,26.827,,,Senior Women 200m Sprint: 7. Eva Mcpartlan (26.83) 
42,Clonliffe Harriers,Senior Women,200m Sprint,*,1,8,8,177_42-,Anna Keavey,29.73,29.728,,,Senior Women 200m Sprint: 8. Anna Keavey (29.73) 
44,Galway,Senior Men,200m Sprint,*,1,1,1,145_44-,Lemar Lucciano,22.61,22.609,Gold,,Senior Men 200m Sprint: 1. Lemar Lucciano (22.61) GOLD
44,Donegal,Senior Men,200m Sprint,*,1,2,2,146_44-,Sheldon Romeo  Nyoni,22.62,22.617,Silver,,Senior Men 200m Sprint: 2. Sheldon Romeo  Nyoni (22.62) SILVER
44,Sligo,Senior Men,200m Sprint,*,1,3,3,148_44-,Piotr Marciorowski,23.05,23.041,Bronze,,Senior Men 200m Sprint: 3. Piotr Marciorowski (23.05) BRONZE
44,Kerry,Senior Men,200m Sprint,*,1,4,4,147_44-,Brendan O' Leary,23.07,23.062,,,Senior Men 200m Sprint: 4. Brendan O' Leary (23.07) 
44,East Cork Athletics Division,Senior Men,200m Sprint,*,1,5,5,149_44-,Ciaran Nugent,23.28,23.279,,,Senior Men 200m Sprint: 5. Ciaran Nugent (23.28) 
44,Meath ,Senior Men,200m Sprint,*,1,6,6,150_44-,Psalm Ogundoju,24.70,24.699,,,Senior Men 200m Sprint: 6. Psalm Ogundoju (24.70) 
45,Dundrum South Dublin AC,Senior Men,200m Sprint,*,1,1,1,175_45-,Ciaran Carthy,21.41,21.409,Gold,,Senior Men 200m Sprint: 1. Ciaran Carthy (21.41) GOLD
45,Nenagh Olympic AC,Senior Men,200m Sprint,*,1,2,2,195_45-,Padraic Hassett,22.06,22.052,Silver,,Senior Men 200m Sprint: 2. Padraic Hassett (22.06) SILVER
45,Donore Harriers ,Senior Men,200m Sprint,*,1,3,3,198_45-,Harmony Livingston Young,23.25,23.25,Bronze,,Senior Men 200m Sprint: 3. Harmony Livingston Young (23.25) BRONZE
45,Ratoath AC,Senior Men,200m Sprint,*,1,4,4,197_45-,Jesse Osas,23.44,23.437,,,Senior Men 200m Sprint: 4. Jesse Osas (23.44) 
45,Clonliffe Harriers,Senior Men,200m Sprint,*,1,5,5,189_45-,Anthony Dillon,23.49,23.481,,,Senior Men 200m Sprint: 5. Anthony Dillon (23.49) 
45,Lagan Valley AC,Senior Men,200m Sprint,*,1,6,6,199_45-,Andrew  Proctor,23.53,23.522,,,Senior Men 200m Sprint: 6. Andrew  Proctor (23.53) 
45,Leevale AC,Senior Men,200m Sprint,*,1,7,7,190_45-,Ciaran Dee,23.94,23.939,,,Senior Men 200m Sprint: 7. Ciaran Dee (23.94) 
45,St Abbans AC,Senior Men,200m Sprint,*,1,8,8,196_45-,Eoghan Buggy,24.74,24.734,,,Senior Men 200m Sprint: 8. Eoghan Buggy (24.74) 
47,Louth,Senior Women,800m,*,1,1,1,143_47-,Eimear Cooney,2:13.72,133.717,Gold,,Senior Women 800m: 1. Eimear Cooney (2:13.72) GOLD
47,Tipperary,Senior Women,800m,*,1,2,2,140_47-,Anna Spillane,2:18.44,138.433,Silver,,Senior Women 800m: 2. Anna Spillane (2:18.44) SILVER
47,Kerry,Senior Women,800m,*,1,3,3,141_47-,Maria  Murnane,2:21.88,141.871,Bronze,,Senior Women 800m: 3. Maria  Murnane (2:21.88) BRONZE
47,East Cork Athletics Division,Senior Women,800m,*,1,4,4,142_47-,Orla Coffey,2:22.84,142.84,,,Senior Women 800m: 4. Orla Coffey (2:22.84) 
47,Galway,Senior Women,800m,*,1,5,5,139_47-,Fauve Aylmer,2:23.61,143.601,,,Senior Women 800m: 5. Fauve Aylmer (2:23.61) 
47,Sligo,Senior Women,800m,*,1,0,0,144_47-,Tbc Sligo,DNS,-3,,,Senior Women 800m: 0. Tbc Sligo (DNS) 
48,Dundrum South Dublin AC,Senior Women,800m,*,1,1,1,175_48-,Eimear Maher,2:11.28,131.277,Gold,,Senior Women 800m: 1. Eimear Maher (2:11.28) GOLD
48,Ratoath AC,Senior Women,800m,*,1,2,2,178_48-,Kayla  Ryan,2:18.24,138.24,Silver,,Senior Women 800m: 2. Kayla  Ryan (2:18.24) SILVER
48,St Laurence O Toole AC,Senior Women,800m,*,1,3,3,176_48-,Bronwen Mc Donald,2:19.16,139.152,Bronze,,Senior Women 800m: 3. Bronwen Mc Donald (2:19.16) BRONZE
48,Lagan Valley AC,Senior Women,800m,*,1,4,4,179_48-,Hannah Cochrane,2:19.32,139.32,,,Senior Women 800m: 4. Hannah Cochrane (2:19.32) 
48,Clonliffe Harriers,Senior Women,800m,*,1,5,5,177_48-,Alannah Cooley,2:20.21,140.208,,,Senior Women 800m: 5. Alannah Cooley (2:20.21) 
48,Leevale AC,Senior Women,800m,*,1,6,6,180_48-,Maire Hynes Mclaughlin,2:26.05,146.05,,,Senior Women 800m: 6. Maire Hynes Mclaughlin (2:26.05) 
48,Raheny Shamrock,Senior Women,800m,*,1,7,7,182_48-,Iseult O'Donnell,2:34.40,154.399,,,Senior Women 800m: 7. Iseult O'Donnell (2:34.40) 
48,Donore Harriers,Senior Women,800m,*,1,0,0,181_48-,Eva Crowe,DNS,-3,,,Senior Women 800m: 0. Eva Crowe (DNS) 
50,East Cork Athletics Division,Senior Men,800m,*,1,1,1,149_50-,Frank O'Brien,1:55.05,115.042,Gold,,Senior Men 800m: 1. Frank O'Brien (1:55.05) GOLD
50,Sligo,Senior Men,800m,*,1,2,2,148_50-,Ben Clavin,1:55.95,115.941,Silver,,Senior Men 800m: 2. Ben Clavin (1:55.95) SILVER
50,Donegal,Senior Men,800m,*,1,3,3,146_50-,Michael  Moore,1:57.17,117.161,Bronze,,Senior Men 800m: 3. Michael  Moore (1:57.17) BRONZE
50,Kerry,Senior Men,800m,*,1,4,4,147_50-,Conor  Kissane,1:57.95,117.946,,,Senior Men 800m: 4. Conor  Kissane (1:57.95) 
50,Galway,Senior Men,800m,*,1,5,5,145_50-,Luke  Walsh,2:00.62,120.613,,,Senior Men 800m: 5. Luke  Walsh (2:00.62) 
50,Meath ,Senior Men,800m,*,1,0,0,150_50-,Tom Gormley,DNS,-3,,,Senior Men 800m: 0. Tom Gormley (DNS) 
51,Ratoath AC,Senior Men,800m,*,1,1,1,197_51-,Jack O' Donnell,1:54.48,114.473,Gold,,Senior Men 800m: 1. Jack O' Donnell (1:54.48) GOLD
51,Clonliffe Harriers,Senior Men,800m,*,1,2,2,189_51-,Fintan Kerins,1:54.97,114.965,Silver,,Senior Men 800m: 2. Fintan Kerins (1:54.97) SILVER
51,Lagan Valley AC,Senior Men,800m,*,1,3,3,199_51-,Stephen Lyster,1:55.94,115.939,Bronze,,Senior Men 800m: 3. Stephen Lyster (1:55.94) BRONZE
51,Leevale AC,Senior Men,800m,*,1,4,4,190_51-,Daniel Buckley,1:55.97,115.97,,,Senior Men 800m: 4. Daniel Buckley (1:55.97) 
51,Dundrum South Dublin AC,Senior Men,800m,*,1,5,5,175_51-,Sean  Healy,1:58.50,118.494,,,Senior Men 800m: 5. Sean  Healy (1:58.50) 
51,Nenagh Olympic AC,Senior Men,800m,*,1,6,6,195_51-,Sean Hayes,1:59.40,119.392,,,Senior Men 800m: 6. Sean Hayes (1:59.40) 
51,Donore Harriers ,Senior Men,800m,*,1,7,7,198_51-,Cormac Whelan,2:01.45,121.447,,,Senior Men 800m: 7. Cormac Whelan (2:01.45) 
51,St Abbans AC,Senior Men,800m,*,1,8,8,196_51-,Cian  Kelly,2:02.00,121.995,,,Senior Men 800m: 8. Cian  Kelly (2:02.00) 
53,East Cork Athletics Division,Senior Men,5000m,*,1,1,1,149_53-,Tony Forristal,15:15.20,915.195,Gold,,Senior Men 5000m: 1. Tony Forristal (15:15.20) GOLD
53,Donegal,Senior Men,5000m,*,1,2,2,146_53-,Donal  Farren,15:28.54,928.535,Silver,,Senior Men 5000m: 2. Donal  Farren (15:28.54) SILVER
53,Sligo,Senior Men,5000m,*,1,3,3,148_53-,Oskar Szmyt,16:03.35,963.344,Bronze,,Senior Men 5000m: 3. Oskar Szmyt (16:03.35) BRONZE
53,Kerry,Senior Men,5000m,*,1,4,4,147_53-,James Dillon,16:23.00,982.994,,,Senior Men 5000m: 4. James Dillon (16:23.00) 
53,Galway,Senior Men,5000m,*,1,5,5,145_53-,Aimade Belayd,16:49.80,1009.8,,,Senior Men 5000m: 5. Aimade Belayd (16:49.80) 
53,Meath ,Senior Men,5000m,*,1,0,0,150_53-,Ben Brunton,DNS,-3,,,Senior Men 5000m: 0. Ben Brunton (DNS) 
54,Dundrum South Dublin AC,Senior Men,5000m,*,1,1,1,175_54-,Paul O'Donnell,14:46.63,886.621,Gold,,Senior Men 5000m: 1. Paul O'Donnell (14:46.63) GOLD
54,Clonliffe Harriers,Senior Men,5000m,*,1,2,2,189_54-,Ben Guiden,14:52.13,892.128,Silver,,Senior Men 5000m: 2. Ben Guiden (14:52.13) SILVER
54,Nenagh Olympic AC,Senior Men,5000m,*,1,3,3,195_54-,Luke Purcell,15:03.59,903.585,Bronze,,Senior Men 5000m: 3. Luke Purcell (15:03.59) BRONZE
54,Leevale AC,Senior Men,5000m,*,1,4,4,190_54-,Gavin O'Rourke,15:04.40,904.396,,,Senior Men 5000m: 4. Gavin O'Rourke (15:04.40) 
54,Lagan Valley AC,Senior Men,5000m,*,1,5,5,199_54-,Ruairi Hollywood,15:30.20,930.198,,,Senior Men 5000m: 5. Ruairi Hollywood (15:30.20) 
54,Donore Harriers ,Senior Men,5000m,*,1,6,6,198_54-,Ken Nugent,17:02.81,1022.81,,,Senior Men 5000m: 6. Ken Nugent (17:02.81) 
54,Ratoath AC,Senior Men,5000m,*,1,7,7,197_54-,Matthew Hayes,17:20.44,1040.44,,,Senior Men 5000m: 7. Matthew Hayes (17:20.44) 
54,St Abbans AC,Senior Men,5000m,*,1,0,0,196_54-,Jack  Fenlon,DNS,-3,,,Senior Men 5000m: 0. Jack  Fenlon (DNS) 
56,Galway,Senior Women,2000m Steeplechase (0.762m),*,1,1,1,139_56-,Alix Joyce,6:42.10,402.093,Gold,,Senior Women 2000m Steeplechase (0.762m): 1. Alix Joyce (6:42.10) GOLD
56,Louth,Senior Women,2000m Steeplechase (0.762m),*,1,2,2,143_56-,Dearbhla Allen,6:51.15,411.143,Silver,,Senior Women 2000m Steeplechase (0.762m): 2. Dearbhla Allen (6:51.15) SILVER
56,Kerry,Senior Women,2000m Steeplechase (0.762m),*,1,3,3,141_56-,Abby  Stephenson ,7:31.95,451.945,Bronze,,Senior Women 2000m Steeplechase (0.762m): 3. Abby  Stephenson  (7:31.95) BRONZE
56,East Cork Athletics Division,Senior Women,2000m Steeplechase (0.762m),*,1,4,4,142_56-,Katie Hennessy,7:38.75,458.747,,,Senior Women 2000m Steeplechase (0.762m): 4. Katie Hennessy (7:38.75) 
56,Tipperary,Senior Women,2000m Steeplechase (0.762m),*,1,5,5,140_56-,Kate Delaney,8:49.33,529.327,,,Senior Women 2000m Steeplechase (0.762m): 5. Kate Delaney (8:49.33) 
56,Sligo,Senior Women,2000m Steeplechase (0.762m),*,1,0,0,144_56-,Tbc Sligo,DNS,-3,,,Senior Women 2000m Steeplechase (0.762m): 0. Tbc Sligo (DNS) 
57,Ratoath AC,Senior Women,2000m Steeplechase (0.762m),*,1,1,1,178_57-,Ellen Sheridan,7:36.53,456.524,Gold,,Senior Women 2000m Steeplechase (0.762m): 1. Ellen Sheridan (7:36.53) GOLD
57,Leevale AC,Senior Women,2000m Steeplechase (0.762m),*,1,2,2,180_57-,Ella Dinan,7:43.74,463.733,Silver,,Senior Women 2000m Steeplechase (0.762m): 2. Ella Dinan (7:43.74) SILVER
57,Dundrum South Dublin AC,Senior Women,2000m Steeplechase (0.762m),*,1,3,3,175_57-,Sadhbh Hassett,7:56.55,476.541,Bronze,,Senior Women 2000m Steeplechase (0.762m): 3. Sadhbh Hassett (7:56.55) BRONZE
57,Donore Harriers,Senior Women,2000m Steeplechase (0.762m),*,1,4,4,181_57-,Suzanne Masterson,8:40.74,520.734,,,Senior Women 2000m Steeplechase (0.762m): 4. Suzanne Masterson (8:40.74) 
57,St Laurence O Toole AC,Senior Women,2000m Steeplechase (0.762m),*,1,0,0,176_57-,Tbc St Laurence O Toole Ac,DNS,-3,,,Senior Women 2000m Steeplechase (0.762m): 0. Tbc St Laurence O Toole Ac (DNS) 
57,Lagan Valley AC,Senior Women,2000m Steeplechase (0.762m),*,1,0,0,179_57-,Hannah Cochrane,DNS,-3,,,Senior Women 2000m Steeplechase (0.762m): 0. Hannah Cochrane (DNS) 
57,Clonliffe Harriers,Senior Women,2000m Steeplechase (0.762m),*,1,0,0,177_57-,Aisling  Kehoe,DNS,-3,,,Senior Women 2000m Steeplechase (0.762m): 0. Aisling  Kehoe (DNS) 
57,Raheny Shamrock,Senior Women,2000m Steeplechase (0.762m),*,1,0,0,182_57-,Niamh  Kearney,DNS,-3,,,Senior Women 2000m Steeplechase (0.762m): 0. Niamh  Kearney (DNS) 
59,Galway,Senior Women,100m Sprint,*,1,1,1,139_59-,Laura Nally,12.37,12.365,Gold,,Senior Women 100m Sprint: 1. Laura Nally (12.37) GOLD
59,Kerry,Senior Women,100m Sprint,*,1,2,2,141_59-,Keelie  O'Connor ,12.57,12.563,Silver,,Senior Women 100m Sprint: 2. Keelie  O'Connor  (12.57) SILVER
59,Sligo,Senior Women,100m Sprint,*,1,3,3,144_59-,Caoimhe Mcdonagh,12.67,12.67,Bronze,,Senior Women 100m Sprint: 3. Caoimhe Mcdonagh (12.67) BRONZE
59,Tipperary,Senior Women,100m Sprint,*,1,4,4,140_59-,Sophie  Walker,12.86,12.858,,,Senior Women 100m Sprint: 4. Sophie  Walker (12.86) 
59,Louth,Senior Women,100m Sprint,*,1,5,5,143_59-,Daniella Adebola,13.12,13.116,,,Senior Women 100m Sprint: 5. Daniella Adebola (13.12) 
59,East Cork Athletics Division,Senior Women,100m Sprint,*,1,6,6,142_59-,Emma Akinkoulie,13.19,13.19,,,Senior Women 100m Sprint: 6. Emma Akinkoulie (13.19) 
60,Dundrum South Dublin AC,Senior Women,100m Sprint,*,1,1,1,175_60-,Jennifer  Hanrahan,12.39,12.381,Gold,,Senior Women 100m Sprint: 1. Jennifer  Hanrahan (12.39) GOLD
60,Raheny Shamrock,Senior Women,100m Sprint,*,1,2,2,182_60-,Angela Castell Rodriguez,12.77,12.763,Silver,,Senior Women 100m Sprint: 2. Angela Castell Rodriguez (12.77) SILVER
60,St Laurence O Toole AC,Senior Women,100m Sprint,*,1,3,3,176_60-,Sofia  Granjo,12.85,12.85,Bronze,,Senior Women 100m Sprint: 3. Sofia  Granjo (12.85) BRONZE
60,Donore Harriers,Senior Women,100m Sprint,*,1,4,4,181_60-,Cindy Nwedo,12.94,12.934,,,Senior Women 100m Sprint: 4. Cindy Nwedo (12.94) 
60,Leevale AC,Senior Women,100m Sprint,*,1,5,5,180_60-,Elena O'Sullivan,12.98,12.975,,,Senior Women 100m Sprint: 5. Elena O'Sullivan (12.98) 
60,Clonliffe Harriers,Senior Women,100m Sprint,*,1,6,6,177_60-,Emily  Jachna,13.05,13.045,,,Senior Women 100m Sprint: 6. Emily  Jachna (13.05) 
60,Ratoath AC,Senior Women,100m Sprint,*,1,7,7,178_60-,Niamh Murphy,13.07,13.064,,,Senior Women 100m Sprint: 7. Niamh Murphy (13.07) 
60,Lagan Valley AC,Senior Women,100m Sprint,*,1,8,8,179_60-,Anna Hogg,13.08,13.076,,,Senior Women 100m Sprint: 8. Anna Hogg (13.08) 
62,Galway,Senior Men,100m Sprint,*,1,1,1,145_62-,Lemar Lucciano,11.16,11.153,Gold,,Senior Men 100m Sprint: 1. Lemar Lucciano (11.16) GOLD
62,Donegal,Senior Men,100m Sprint,*,1,2,2,146_62-,Harry Mcilwaine,11.40,11.396,Silver,,Senior Men 100m Sprint: 2. Harry Mcilwaine (11.40) SILVER
62,East Cork Athletics Division,Senior Men,100m Sprint,*,1,3,3,149_62-,Wojciech Fraczek,11.65,11.644,Bronze,,Senior Men 100m Sprint: 3. Wojciech Fraczek (11.65) BRONZE
62,Kerry,Senior Men,100m Sprint,*,1,4,4,147_21-6,Ciaran Mccarthy,12.03,12.021,,,Senior Men 100m Sprint: 4. Ciaran Mccarthy (12.03) 
62,Meath ,Senior Men,100m Sprint,*,1,5,5,150_62-,Chucks Kpaduwa,12.30,12.297,,,Senior Men 100m Sprint: 5. Chucks Kpaduwa (12.30) 
62,Sligo,Senior Men,100m Sprint,*,1,0,0,148_62-,Conor Mcdonagh,DQ,-4,,,Senior Men 100m Sprint: 0. Conor Mcdonagh (DQ) 
63,Dundrum South Dublin AC,Senior Men,100m Sprint,*,1,1,1,175_63-,Lorcan Murphy,10.71,10.701,Gold,,Senior Men 100m Sprint: 1. Lorcan Murphy (10.71) GOLD
63,Clonliffe Harriers,Senior Men,100m Sprint,*,1,2,2,189_63-,Craig Duffy,10.95,10.942,Silver,,Senior Men 100m Sprint: 2. Craig Duffy (10.95) SILVER
63,Nenagh Olympic AC,Senior Men,100m Sprint,*,1,3,3,195_63-,Ronan Ryan,11.06,11.058,Bronze,,Senior Men 100m Sprint: 3. Ronan Ryan (11.06) BRONZE
63,Donore Harriers ,Senior Men,100m Sprint,*,1,4,4,198_63-,Ciarán Farrell,11.30,11.295,,,Senior Men 100m Sprint: 4. Ciarán Farrell (11.30) 
63,Ratoath AC,Senior Men,100m Sprint,*,1,5,5,197_63-,Jesse Osas,11.51,11.504,,,Senior Men 100m Sprint: 5. Jesse Osas (11.51) 
63,Leevale AC,Senior Men,100m Sprint,*,1,6,6,190_63-,Conor Morey,11.71,11.706,,,Senior Men 100m Sprint: 6. Conor Morey (11.71) 
63,Lagan Valley AC,Senior Men,100m Sprint,*,1,7,7,199_63-,Nelson Kriss,12.81,12.806,,,Senior Men 100m Sprint: 7. Nelson Kriss (12.81) 
63,St Abbans AC,Senior Men,100m Sprint,*,1,8,8,196_63-,Eoghan Buggy,12.92,12.913,,,Senior Men 100m Sprint: 8. Eoghan Buggy (12.92) 
65,Galway,Senior Women,4x400m Relay,*,1,1,1,,Galway,3:54.11,234.105,Gold,"Treacy, Sinead, Costello, Laura Ann, Moynihan, Danielle, Maguire, Aine, Walsh, Nicole , Joyce, Alix, ",Senior Women 4x400m Relay: 1. Galway (3:54.11) GOLD
65,Tipperary,Senior Women,4x400m Relay,*,1,2,2,,Tipperary,3:56.84,236.836,Silver,"O'Leary, Jennifer, Brennan, Emer , Paxman, Anna, Walker, Sophie , Delaney, Emma, Berry, Leah, ",Senior Women 4x400m Relay: 2. Tipperary (3:56.84) SILVER
65,East Cork Athletics Division,Senior Women,4x400m Relay,*,1,3,3,,East Cork Athletics Division,4:04.70,244.697,Bronze,"Walsh, Katie, Coffey, Orla, Akinkoulie, Emma, Lynch, Lucy, O'Meara, Isobel, East Cork Athletics Division, Tbc, ",Senior Women 4x400m Relay: 3. East Cork Athletics Division (4:04.70) BRONZE
65,Louth,Senior Women,4x400m Relay,*,1,4,4,,Louth,4:09.97,249.969,,"Lawrence, Sholah, Cooney, Chloe, Sheridan, Abbie, Green, Kelly, Kinsella, Sophie, Brady, Niamh, ",Senior Women 4x400m Relay: 4. Louth (4:09.97) 
65,Kerry,Senior Women,4x400m Relay,*,1,5,5,,Kerry,4:12.01,252.006,,"Riordan, Lily, Stephenson, Abby, Daly , Roisin, O'Connor , Keelie , ",Senior Women 4x400m Relay: 5. Kerry (4:12.01) 
65,Sligo,Senior Women,4x400m Relay,*,1,0,0,,Sligo,DNS,-3,,"Mcdonagh, Caoimhe, Boland, Amy, Percy, Laurina, Clancy, Mila, Sligo, Tbc, ",Senior Women 4x400m Relay: 0. Sligo (DNS) 
66,Dundrum South Dublin AC,Senior Women,4x400m Relay,*,1,1,1,,Dundrum South Dublin AC,3:55.68,235.674,Gold,"Doherty, Kate , Bourke, Charlotte, Forde, Aobh, Giles, Alannah, Lynch, Rachel, Murphy, Cara, ",Senior Women 4x400m Relay: 1. Dundrum South Dublin AC (3:55.68) GOLD
66,Ratoath AC,Senior Women,4x400m Relay,*,1,2,2,,Ratoath AC,3:57.07,237.062,Silver,"Murphy, Niamh, Flood, Lily, Stratford, Aisling, Ratoath Ac, Tbc, Ratoath Ac, Tbc, Ratoath Ac, Tbc, ",Senior Women 4x400m Relay: 2. Ratoath AC (3:57.07) SILVER
66,Lagan Valley AC,Senior Women,4x400m Relay,*,1,3,3,,Lagan Valley AC,4:05.71,245.702,Bronze,"Cave, Suzie, Hogg, Anna, Mcmahon, Erin , Mccarron, Isa, Doherty, Marianne, Cochrane, Hannah, ",Senior Women 4x400m Relay: 3. Lagan Valley AC (4:05.71) BRONZE
66,Leevale AC,Senior Women,4x400m Relay,*,1,4,4,,Leevale AC,4:11.27,251.263,,"Hynes Mclaughlin, Maire, O'Donovan, Kate, Leevale Ac, Tbc, Thompson, Anika, Dinan, Ella, ",Senior Women 4x400m Relay: 4. Leevale AC (4:11.27) 
66,St Laurence O Toole AC,Senior Women,4x400m Relay,*,1,5,5,,St Laurence O Toole AC,4:14.48,254.474,,"Granjo, Sofia , Doyle, Treasa, O Byrne, Cassie , Lawler, Leah, ",Senior Women 4x400m Relay: 5. St Laurence O Toole AC (4:14.48) 
66,Clonliffe Harriers,Senior Women,4x400m Relay,*,1,6,6,,Clonliffe Harriers,4:16.42,256.417,,"Heavey, Anna, Bergin, Leah , Scanlon, Lily, Bechtina, Snezana, Clonliffe Harriers, Tbc, Clonliffe Harriers, Tbc, ",Senior Women 4x400m Relay: 6. Clonliffe Harriers (4:16.42) 
66,Donore Harriers,Senior Women,4x400m Relay,*,1,7,7,,Donore Harriers,4:32.80,272.799,,"Crowe, Eva, Jackson, Isabella, Nwedo, Cindy, Flaterty, Lauren, Donore Harriers, Tbc, Donore Harriers, Tbc, ",Senior Women 4x400m Relay: 7. Donore Harriers (4:32.80) 
66,Raheny Shamrock,Senior Women,4x400m Relay,*,1,8,8,,Raheny Shamrock,4:43.22,283.22,,"Ledecka, Katerina, Griffin, Chloe, Griffin, Cara, Barrett, Lucy , Ntoko, Esther, ",Senior Women 4x400m Relay: 8. Raheny Shamrock (4:43.22) 
67,Sligo,Senior Men,4x400m Relay,*,1,1,1,,Sligo,3:26.01,206.009,Gold,"Cullinan, Brian, Donoghue, Francis, Mcdonagh, Conor, Campbell, Ross, Sligo, Tbc, Sligo, Tbc, ",Senior Men 4x400m Relay: 1. Sligo (3:26.01) GOLD
67,Donegal,Senior Men,4x400m Relay,*,1,2,2,,Donegal,3:28.57,208.561,Silver,"Moore, Michael , Aidoo, Joseph , O Neill, Finn , Boyce, Brian, Donegal, Tbc, Donegal, Tbc, ",Senior Men 4x400m Relay: 2. Donegal (3:28.57) SILVER
67,East Cork Athletics Division,Senior Men,4x400m Relay,*,1,3,3,,East Cork Athletics Division,3:31.89,211.883,Bronze,"O'Brien, Frank, Boyle, Ruaidhri, Mclean, Dinny, O'Sullivan, Odhrán, East Cork Athletics Division, Tbc, East Cork Athletics Division, Tbc, ",Senior Men 4x400m Relay: 3. East Cork Athletics Division (3:31.89) BRONZE
67,Kerry,Senior Men,4x400m Relay,*,1,4,4,,Kerry,3:32.36,212.351,,"Greaney, Jack , Marcos, Dion , Cremin, Ger, O' Reilly, Jason, Kissane, Conor , Foran Rumpler, Tomas , ",Senior Men 4x400m Relay: 4. Kerry (3:32.36) 
67,Galway,Senior Men,4x400m Relay,*,1,5,5,,Galway,3:49.47,229.461,,"Moorhead, Kealan, Walsh, Luke , Abass Edris, Adam, Phelan, Oisin, Galway, Tbc, Galway, Tbc, ",Senior Men 4x400m Relay: 5. Galway (3:49.47) 
67,Meath ,Senior Men,4x400m Relay,*,1,0,0,,Meath ,DNS,-3,,"Gormley, Tom, Carberry, Tp, Clarke, Ethan, Mcdonald, Ethan, Rogers, Eoghan, Meath , Tbc, ",Senior Men 4x400m Relay: 0. Meath  (DNS) 
68,Dundrum South Dublin AC,Senior Men,4x400m Relay,*,1,1,1,,Dundrum South Dublin AC,3:19.83,199.828,Gold,"Healy, Sean , Mcconville, Darragh , Moraghan, Jack, Hayes, Andrew , Dundrum South Dublin Ac, Tbc, Dundrum South Dublin Ac, Tbc, ",Senior Men 4x400m Relay: 1. Dundrum South Dublin AC (3:19.83) GOLD
68,Nenagh Olympic AC,Senior Men,4x400m Relay,*,1,2,2,,Nenagh Olympic AC,3:26.30,206.294,Silver,"White, Paul, Hassett, Padraic, Hayes, Sean, Hodgins, Cian, Hickey, Jack, Deegan, Ben, ",Senior Men 4x400m Relay: 2. Nenagh Olympic AC (3:26.30) SILVER
68,Clonliffe Harriers,Senior Men,4x400m Relay,*,1,3,3,,Clonliffe Harriers,3:30.98,210.974,Bronze,"Lynch, Christopher, Fitzsimons, Johnathan, Jordan, Jarlath, Carrigg, Sean, Kiplagat, Malcom, Kerins, Fintan, ",Senior Men 4x400m Relay: 3. Clonliffe Harriers (3:30.98) BRONZE
68,Ratoath AC,Senior Men,4x400m Relay,*,1,4,4,,Ratoath AC,3:32.14,212.136,,"Doyle, Emmet, Murray, Jason, Conway, Cillian, Hughes, Ben, Ratoath Ac, Tbc, Ratoath Ac, Tbc, ",Senior Men 4x400m Relay: 4. Ratoath AC (3:32.14) 
68,St Abbans AC,Senior Men,4x400m Relay,*,1,5,5,,St Abbans AC,3:36.61,216.607,,"Condron, Peter , Delaney, John , Hyland, James, Buggy, Eoghan, Kelly, Cian , St Abbans Ac, Tbc, ",Senior Men 4x400m Relay: 5. St Abbans AC (3:36.61) 
68,Donore Harriers ,Senior Men,4x400m Relay,*,1,6,6,,Donore Harriers ,3:39.79,219.781,,"Nwedo, Divine, Leonard, Alex, Livingston Young, Harmony, Whelan, Cormac, Dunne, James, Nwedo, Sean, ",Senior Men 4x400m Relay: 6. Donore Harriers  (3:39.79) 
68,Leevale AC,Senior Men,4x400m Relay,*,1,7,7,,Leevale AC,3:39.80,219.799,,"Dee, Ciaran , Keenan, Ronan, Mullins, Luke, Leevale Ac, Tbc, Leevale Ac, Tbc, Buckley, Daniel, ",Senior Men 4x400m Relay: 7. Leevale AC (3:39.80) 
68,Lagan Valley AC,Senior Men,4x400m Relay,*,1,8,8,,Lagan Valley AC,3:51.78,231.772,,"Proctor, Andrew , Kavanagh, Noah, Ashley, James, Mcgann, Jude, Lyster, Stephen, Lagan Valley Ac, Tbc, ",Senior Men 4x400m Relay: 8. Lagan Valley AC (3:51.78) 
69,Meath ,Senior Men,Hammer Throw (7.26kg),*,1,1,1,150_101-,Coil O'Muiri,54.67,54.67,Gold,,Senior Men Hammer Throw (7.26kg): 1. Coil O'Muiri (54.67) GOLD
69,Kerry,Senior Men,Hammer Throw (7.26kg),*,1,2,2,147_101-,Michael O'Neill,36.66,36.66,Silver,,Senior Men Hammer Throw (7.26kg): 2. Michael O'Neill (36.66) SILVER
69,Sligo,Senior Men,Hammer Throw (7.26kg),*,1,3,3,148_101-,Dean Williams,34.25,34.25,Bronze,,Senior Men Hammer Throw (7.26kg): 3. Dean Williams (34.25) BRONZE
69,Donegal,Senior Men,Hammer Throw (7.26kg),*,1,4,4,146_101-,Luke Ward,32.73,32.73,,,Senior Men Hammer Throw (7.26kg): 4. Luke Ward (32.73) 
69,East Cork Athletics Division,Senior Men,Hammer Throw (7.26kg),*,1,5,5,149_101-,Jack Ahern,18.45,18.45,,,Senior Men Hammer Throw (7.26kg): 5. Jack Ahern (18.45) 
69,Galway,Senior Men,Hammer Throw (7.26kg),*,1,0,0,145_101-,Tbc Galway,DNS,-3,,,Senior Men Hammer Throw (7.26kg): 0. Tbc Galway (DNS) 
70,Clonliffe Harriers,Senior Men,Hammer Throw (7.26kg),*,1,1,1,189_102-,Simon Galligan,59.31,59.31,Gold,,Senior Men Hammer Throw (7.26kg): 1. Simon Galligan (59.31) GOLD
70,Leevale AC,Senior Men,Hammer Throw (7.26kg),*,1,2,2,190_102-,Padraig O'Callaghan,48.52,48.52,Silver,,Senior Men Hammer Throw (7.26kg): 2. Padraig O'Callaghan (48.52) SILVER
70,St Abbans AC,Senior Men,Hammer Throw (7.26kg),*,1,3,3,196_102-,Gerard  Kelly,40.58,40.58,Bronze,,Senior Men Hammer Throw (7.26kg): 3. Gerard  Kelly (40.58) BRONZE
70,Lagan Valley AC,Senior Men,Hammer Throw (7.26kg),*,1,4,4,199_102-,Oliver  Taylor,34.19,34.19,,,Senior Men Hammer Throw (7.26kg): 4. Oliver  Taylor (34.19) 
70,Nenagh Olympic AC,Senior Men,Hammer Throw (7.26kg),*,1,5,5,195_102-,Brian Naughton,33.36,33.36,,,Senior Men Hammer Throw (7.26kg): 5. Brian Naughton (33.36) 
70,Dundrum South Dublin AC,Senior Men,Hammer Throw (7.26kg),*,1,6,6,175_102-,Mark  Tierney,26.06,26.06,,,Senior Men Hammer Throw (7.26kg): 6. Mark  Tierney (26.06) 
70,Donore Harriers ,Senior Men,Hammer Throw (7.26kg),*,1,7,7,198_102-,Alex Conway,11.43,11.43,,,Senior Men Hammer Throw (7.26kg): 7. Alex Conway (11.43) 
70,Ratoath AC,Senior Men,Hammer Throw (7.26kg),*,1,0,0,197_102-,Tbc Ratoath Ac,DNS,-3,,,Senior Men Hammer Throw (7.26kg): 0. Tbc Ratoath Ac (DNS) 
72,Tipperary,Senior Women,High Jump,*,1,1,1,140_104-,Laura Frawley,1.63,1.63,Gold,,Senior Women High Jump: 1. Laura Frawley (1.63) GOLD
72,Louth,Senior Women,High Jump,*,1,2,2,143_104-,Amy Mcteggart,1.6,1.6,Silver,,Senior Women High Jump: 2. Amy Mcteggart (1.6) SILVER
72,Galway,Senior Women,High Jump,*,1,3,3,139_104-,Jade Moorhead,1.55,1.55,Bronze,,Senior Women High Jump: 3. Jade Moorhead (1.55) BRONZE
72,East Cork Athletics Division,Senior Women,High Jump,*,1,4,4,142_104-,Lucy Lynch,1.5,1.5,,,Senior Women High Jump: 4. Lucy Lynch (1.5) 
72,Sligo,Senior Women,High Jump,*,1,5,5,144_104-,Tbc Sligo,1.45,1.45,,,Senior Women High Jump: 5. Tbc Sligo (1.45) 
72,Kerry,Senior Women,High Jump,*,1,0,0,141_104-,Maddie  O'Riordan,0,0,,,Senior Women High Jump: 0. Maddie  O'Riordan (0) 
73,Leevale AC,Senior Women,High Jump,*,1,1,1,180_105-,Maeve Fleming,1.63,1.63,Gold,,Senior Women High Jump: 1. Maeve Fleming (1.63) GOLD
73,Dundrum South Dublin AC,Senior Women,High Jump,*,1,2,2,175_105-,Lauryn Healy,1.6,1.6,Silver,,Senior Women High Jump: 2. Lauryn Healy (1.6) SILVER
73,Donore Harriers,Senior Women,High Jump,*,1,3,3,181_105-,Lara O Byrne,1.6,1.6,Bronze,,Senior Women High Jump: 3. Lara O Byrne (1.6) BRONZE
73,Ratoath AC,Senior Women,High Jump,*,1,4,4,178_105-,Eabha Hanley,1.45,1.45,,,Senior Women High Jump: 4. Eabha Hanley (1.45) 
73,St Laurence O Toole AC,Senior Women,High Jump,*,1,5,5,176_105-,Edel Hayden,1.45,1.45,,,Senior Women High Jump: 5. Edel Hayden (1.45) 
73,Clonliffe Harriers,Senior Women,High Jump,*,1,6,6,177_105-,Edel Maguire,1.3,1.3,,,Senior Women High Jump: 6. Edel Maguire (1.3) 
73,Raheny Shamrock,Senior Women,High Jump,*,1,7,7,182_105-,Tbc Raheny Shamrock,1.1,1.1,,,Senior Women High Jump: 7. Tbc Raheny Shamrock (1.1) 
73,Lagan Valley AC,Senior Women,High Jump,*,1,0,0,179_105-,Hannah Cochrane,,0,,,Senior Women High Jump: 0. Hannah Cochrane (None) 
76,Galway,Senior Men,Pole Vault,*,1,1,1,145_107-,Justin Lane,2.3,2.3,Gold,,Senior Men Pole Vault: 1. Justin Lane (2.3) GOLD
76,Kerry,Senior Men,Pole Vault,*,1,2,2,147_107-,Eoin O'Reilly,2.3,2.3,Silver,,Senior Men Pole Vault: 2. Eoin O'Reilly (2.3) SILVER
76,East Cork Athletics Division,Senior Men,Pole Vault,*,1,0,0,149_107-,Tbc East Cork Athletics Division,,0,,,Senior Men Pole Vault: 0. Tbc East Cork Athletics Division (None) 
76,Sligo,Senior Men,Pole Vault,*,1,0,0,148_107-,Tbc Sligo,,0,,,Senior Men Pole Vault: 0. Tbc Sligo (None) 
76,Meath ,Senior Men,Pole Vault,*,1,0,0,150_107-,Tbc Meath ,,0,,,Senior Men Pole Vault: 0. Tbc Meath  (None) 
76,Donegal,Senior Men,Pole Vault,*,1,0,0,146_107-,Finn  O Neill,,0,,,Senior Men Pole Vault: 0. Finn  O Neill (None) 
77,Leevale AC,Senior Men,Pole Vault,*,1,1,1,190_108-,Alex Neff,4,4,Gold,,Senior Men Pole Vault: 1. Alex Neff (4) GOLD
77,St Abbans AC,Senior Men,Pole Vault,*,1,2,2,196_108-,Matthew Rossiter,4,4,Silver,,Senior Men Pole Vault: 2. Matthew Rossiter (4) SILVER
77,Nenagh Olympic AC,Senior Men,Pole Vault,*,1,2,2,195_108-,Aaron Malik,4,4,Silver,,Senior Men Pole Vault: 2. Aaron Malik (4) SILVER
77,Dundrum South Dublin AC,Senior Men,Pole Vault,*,1,4,4,175_108-,Kevin  Byrne,3.35,3.35,,,Senior Men Pole Vault: 4. Kevin  Byrne (3.35) 
77,Clonliffe Harriers,Senior Men,Pole Vault,*,1,5,5,189_108-,Alessandro Santoro,3.2,3.2,,,Senior Men Pole Vault: 5. Alessandro Santoro (3.2) 
77,Donore Harriers ,Senior Men,Pole Vault,*,1,6,6,198_108-,Oisín Cummins Weiss,2.3,2.3,,,Senior Men Pole Vault: 6. Oisín Cummins Weiss (2.3) 
77,Lagan Valley AC,Senior Men,Pole Vault,*,1,7,7,199_108-,Joe Frey,2,2,,,Senior Men Pole Vault: 7. Joe Frey (2) 
77,Ratoath AC,Senior Men,Pole Vault,*,1,7,7,197_108-,Sean O' Sullivan,2,2,,,Senior Men Pole Vault: 7. Sean O' Sullivan (2) 
79,Kerry,Senior Men,Long Jump,*,1,1,1,147_110-,Luke  O' Carroll,6.81,6.81,Gold,,Senior Men Long Jump: 1. Luke  O' Carroll (6.81) GOLD
79,Galway,Senior Men,Long Jump,*,1,2,2,145_110-,Darragh Fahy,6.39,6.39,Silver,,Senior Men Long Jump: 2. Darragh Fahy (6.39) SILVER
79,East Cork Athletics Division,Senior Men,Long Jump,*,1,3,3,149_110-,Alex Jaworski,6.09,6.09,Bronze,,Senior Men Long Jump: 3. Alex Jaworski (6.09) BRONZE
79,Donegal,Senior Men,Long Jump,*,1,4,4,146_110-,Sheldon Romeo Nyoni,5.66,5.66,,,Senior Men Long Jump: 4. Sheldon Romeo Nyoni (5.66) 
79,Sligo,Senior Men,Long Jump,*,1,5,5,148_110-,Piotr Marciorowski,5.54,5.54,,,Senior Men Long Jump: 5. Piotr Marciorowski (5.54) 
79,Meath ,Senior Men,Long Jump,*,1,6,6,150_110-,Chucks Kpaduwa,5.35,5.35,,,Senior Men Long Jump: 6. Chucks Kpaduwa (5.35) 
80,Leevale AC,Senior Men,Long Jump,*,1,1,1,190_111-,Reece Ademola,7.40,7.4,Gold,,Senior Men Long Jump: 1. Reece Ademola (7.40) GOLD
80,Clonliffe Harriers,Senior Men,Long Jump,*,1,2,2,189_111-,Keith Marks,6.67,6.67,Silver,,Senior Men Long Jump: 2. Keith Marks (6.67) SILVER
80,Nenagh Olympic AC,Senior Men,Long Jump,*,1,3,3,195_111-,Joseph Miniter,6.51,6.51,Bronze,,Senior Men Long Jump: 3. Joseph Miniter (6.51) BRONZE
80,Dundrum South Dublin AC,Senior Men,Long Jump,*,1,4,4,175_111-,Darragh Mcconville,6.41,6.41,,,Senior Men Long Jump: 4. Darragh Mcconville (6.41) 
80,Donore Harriers ,Senior Men,Long Jump,*,1,5,5,198_111-,Harmony Livingston Young,5.91,5.91,,,Senior Men Long Jump: 5. Harmony Livingston Young (5.91) 
80,St Abbans AC,Senior Men,Long Jump,*,1,6,6,196_111-,James Hyland,5.31,5.31,,,Senior Men Long Jump: 6. James Hyland (5.31) 
80,Ratoath AC,Senior Men,Long Jump,*,1,7,7,197_111-,Sean Ennis,5.02,5.02,,,Senior Men Long Jump: 7. Sean Ennis (5.02) 
80,Lagan Valley AC,Senior Men,Long Jump,*,1,8,8,199_111-,Maurice Parke,4.88,4.88,,,Senior Men Long Jump: 8. Maurice Parke (4.88) 
82,Louth,Senior Women,Shot Put (4kg),*,1,1,1,143_113-,Josephine Fagbemi,11.38,11.38,Gold,,Senior Women Shot Put (4kg): 1. Josephine Fagbemi (11.38) GOLD
82,Tipperary,Senior Women,Shot Put (4kg),*,1,2,2,140_113-,Niamh Madden,10.81,10.81,Silver,,Senior Women Shot Put (4kg): 2. Niamh Madden (10.81) SILVER
82,Sligo,Senior Women,Shot Put (4kg),*,1,3,3,144_113-,Mary O'Meara,9.09,9.09,Bronze,,Senior Women Shot Put (4kg): 3. Mary O'Meara (9.09) BRONZE
82,East Cork Athletics Division,Senior Women,Shot Put (4kg),*,1,4,4,142_113-,Katie Walsh,8.45,8.45,,,Senior Women Shot Put (4kg): 4. Katie Walsh (8.45) 
82,Galway,Senior Women,Shot Put (4kg),*,1,5,5,139_113-,Mary Barrett,7.73,7.73,,,Senior Women Shot Put (4kg): 5. Mary Barrett (7.73) 
82,Kerry,Senior Women,Shot Put (4kg),*,1,6,6,141_113-,Aoibhinn  Harte,7.68,7.68,,,Senior Women Shot Put (4kg): 6. Aoibhinn  Harte (7.68) 
83,St Laurence O Toole AC,Senior Women,Shot Put (4kg),*,1,1,1,176_114-,Chloe Ryan,10.23,10.23,Gold,,Senior Women Shot Put (4kg): 1. Chloe Ryan (10.23) GOLD
83,Ratoath AC,Senior Women,Shot Put (4kg),*,1,2,2,178_114-,Caoimhe Fitzsimons,9.87,9.87,Silver,,Senior Women Shot Put (4kg): 2. Caoimhe Fitzsimons (9.87) SILVER
83,Lagan Valley AC,Senior Women,Shot Put (4kg),*,1,3,3,179_144-,Ciara Burrows,8.35,8.35,Bronze,,Senior Women Shot Put (4kg): 3. Ciara Burrows (8.35) BRONZE
83,Dundrum South Dublin AC,Senior Women,Shot Put (4kg),*,1,4,4,175_114-,Louise King,8.33,8.33,,,Senior Women Shot Put (4kg): 4. Louise King (8.33) 
83,Clonliffe Harriers,Senior Women,Shot Put (4kg),*,1,5,5,177_114-,Vivian Okafor,6.68,6.68,,,Senior Women Shot Put (4kg): 5. Vivian Okafor (6.68) 
83,Donore Harriers,Senior Women,Shot Put (4kg),*,1,6,6,181_114-,Suzie Flaherty,5.58,5.58,,,Senior Women Shot Put (4kg): 6. Suzie Flaherty (5.58) 
83,Leevale AC,Senior Women,Shot Put (4kg),*,1,7,7,180_138-,Julia Duszynska,4.57,4.57,,,Senior Women Shot Put (4kg): 7. Julia Duszynska (4.57) 
83,Raheny Shamrock,Senior Women,Shot Put (4kg),*,1,0,0,182_114-,Niamh  Fogarty ,DNS,-3,,,Senior Women Shot Put (4kg): 0. Niamh  Fogarty  (DNS) 
86,Kerry,Senior Women,Hammer Throw (4Kg),*,1,1,1,141_116-,Mairead  O'Neill,49.35,49.35,Gold,,Senior Women Hammer Throw (4Kg): 1. Mairead  O'Neill (49.35) GOLD
86,East Cork Athletics Division,Senior Women,Hammer Throw (4Kg),*,1,2,2,142_116-,Leah Parker,34.66,34.66,Silver,,Senior Women Hammer Throw (4Kg): 2. Leah Parker (34.66) SILVER
86,Tipperary,Senior Women,Hammer Throw (4Kg),*,1,3,3,140_116-,Amy Dwyer,29.63,29.63,Bronze,,Senior Women Hammer Throw (4Kg): 3. Amy Dwyer (29.63) BRONZE
86,Louth,Senior Women,Hammer Throw (4Kg),*,1,4,4,143_116-,Emma Conway,23.51,23.51,,,Senior Women Hammer Throw (4Kg): 4. Emma Conway (23.51) 
86,Sligo,Senior Women,Hammer Throw (4Kg),*,1,5,5,144_116-,Carmel O'Neill,16.90,16.9,,,Senior Women Hammer Throw (4Kg): 5. Carmel O'Neill (16.90) 
86,Galway,Senior Women,Hammer Throw (4Kg),*,1,6,6,139_116-,Anna  Donoghue,12.05,12.05,,,Senior Women Hammer Throw (4Kg): 6. Anna  Donoghue (12.05) 
87,Lagan Valley AC,Senior Women,Hammer Throw (4Kg),*,1,1,1,179_117-,Lynsey Glover,37.46,37.46,Gold,,Senior Women Hammer Throw (4Kg): 1. Lynsey Glover (37.46) GOLD
87,St Laurence O Toole AC,Senior Women,Hammer Throw (4Kg),*,1,2,2,176_117-,Susie Mitchell,25.83,25.83,Silver,,Senior Women Hammer Throw (4Kg): 2. Susie Mitchell (25.83) SILVER
87,Dundrum South Dublin AC,Senior Women,Hammer Throw (4Kg),*,1,3,3,175_117-,Rachel Dunne,20.19,20.19,Bronze,,Senior Women Hammer Throw (4Kg): 3. Rachel Dunne (20.19) BRONZE
87,Leevale AC,Senior Women,Hammer Throw (4Kg),*,1,4,4,180_117-,Tara O'Connor,14.60,14.6,,,Senior Women Hammer Throw (4Kg): 4. Tara O'Connor (14.60) 
87,Raheny Shamrock,Senior Women,Hammer Throw (4Kg),*,1,0,0,182_117-,Tbc Raheny Shamrock,DNS,-3,,,Senior Women Hammer Throw (4Kg): 0. Tbc Raheny Shamrock (DNS) 
87,Ratoath AC,Senior Women,Hammer Throw (4Kg),*,1,0,0,178_117-,Tbc Ratoath Ac,DNS,-3,,,Senior Women Hammer Throw (4Kg): 0. Tbc Ratoath Ac (DNS) 
87,Donore Harriers,Senior Women,Hammer Throw (4Kg),*,1,0,0,181_117-,Tbc Donore Harriers,DNS,-3,,,Senior Women Hammer Throw (4Kg): 0. Tbc Donore Harriers (DNS) 
87,Clonliffe Harriers,Senior Women,Hammer Throw (4Kg),*,1,0,0,177_117-,Frances Mansfield,DNS,-3,,,Senior Women Hammer Throw (4Kg): 0. Frances Mansfield (DNS) 
89,Sligo,Senior Women,Triple Jump,*,1,1,1,144_119-,Caoimhe Mcdonagh,11.63,11.63,Gold,,Senior Women Triple Jump: 1. Caoimhe Mcdonagh (11.63) GOLD
89,Galway,Senior Women,Triple Jump,*,1,2,2,139_119-,Leanagh Gilligan,9.83,9.83,Silver,,Senior Women Triple Jump: 2. Leanagh Gilligan (9.83) SILVER
89,Louth,Senior Women,Triple Jump,*,1,3,3,143_119-,Cara Miele,9.54,9.54,Bronze,,Senior Women Triple Jump: 3. Cara Miele (9.54) BRONZE
89,Tipperary,Senior Women,Triple Jump,*,1,4,4,140_119-,Clodagh Donohoe,9.47,9.47,,,Senior Women Triple Jump: 4. Clodagh Donohoe (9.47) 
89,Kerry,Senior Women,Triple Jump,*,1,5,5,141_119-,Antonya  Lejwoda,8.93,8.93,,,Senior Women Triple Jump: 5. Antonya  Lejwoda (8.93) 
89,East Cork Athletics Division,Senior Women,Triple Jump,*,1,0,0,142_119-,Tbc East Cork Athletics Division,X,-1,,,Senior Women Triple Jump: 0. Tbc East Cork Athletics Division (X) 
90,Leevale AC,Senior Women,Triple Jump,*,1,1,1,180_120-,Tara Cronin,10.52,10.52,Gold,,Senior Women Triple Jump: 1. Tara Cronin (10.52) GOLD
90,Ratoath AC,Senior Women,Triple Jump,*,1,2,2,178_120-,Claire Rogers,10.09,10.09,Silver,,Senior Women Triple Jump: 2. Claire Rogers (10.09) SILVER
90,Lagan Valley AC,Senior Women,Triple Jump,*,1,3,3,179_120-,Beth Evans,9.70,9.7,Bronze,,Senior Women Triple Jump: 3. Beth Evans (9.70) BRONZE
90,Raheny Shamrock,Senior Women,Triple Jump,*,1,4,4,182_120-,Penny  Clarke Dorian,9.47,9.47,,,Senior Women Triple Jump: 4. Penny  Clarke Dorian (9.47) 
90,Clonliffe Harriers,Senior Women,Triple Jump,*,1,5,5,177_120-,Snezana Bechtina,9.26,9.26,,,Senior Women Triple Jump: 5. Snezana Bechtina (9.26) 
90,Dundrum South Dublin AC,Senior Women,Triple Jump,*,1,6,6,175_120-,Lena  Muzellec,8.61,8.61,,,Senior Women Triple Jump: 6. Lena  Muzellec (8.61) 
90,Donore Harriers,Senior Women,Triple Jump,*,1,7,7,181_120-,Lauren Flaherty,7.87,7.87,,,Senior Women Triple Jump: 7. Lauren Flaherty (7.87) 
90,St Laurence O Toole AC,Senior Women,Triple Jump,*,1,0,0,176_120-,Tbc St Laurence O Toole Ac,0,0,,,Senior Women Triple Jump: 0. Tbc St Laurence O Toole Ac (0) 
92,Galway,Senior Men,Shot Put (7.26kg),*,1,1,1,145_122-,Liam Shaw,14.05,14.05,Gold,,Senior Men Shot Put (7.26kg): 1. Liam Shaw (14.05) GOLD
92,Kerry,Senior Men,Shot Put (7.26kg),*,1,2,2,147_122-,Alan O' Connor,12.47,12.47,Silver,,Senior Men Shot Put (7.26kg): 2. Alan O' Connor (12.47) SILVER
92,Donegal,Senior Men,Shot Put (7.26kg),*,1,3,3,146_122-,Luke Ward,12.00,12,Bronze,,Senior Men Shot Put (7.26kg): 3. Luke Ward (12.00) BRONZE
92,Meath ,Senior Men,Shot Put (7.26kg),*,1,4,4,150_122-,Coil O'Muiri,8.75,8.75,,,Senior Men Shot Put (7.26kg): 4. Coil O'Muiri (8.75) 
92,Sligo,Senior Men,Shot Put (7.26kg),*,1,5,5,148_122-,Sean Flannery,8.10,8.1,,,Senior Men Shot Put (7.26kg): 5. Sean Flannery (8.10) 
92,East Cork Athletics Division,Senior Men,Shot Put (7.26kg),*,1,0,0,149_122-,Tbc East Cork Athletics Division,DNS,-3,,,Senior Men Shot Put (7.26kg): 0. Tbc East Cork Athletics Division (DNS) 
93,Clonliffe Harriers,Senior Men,Shot Put (7.26kg),*,1,1,1,189_123-,Eoin Sheridan,14.85,14.85,Gold,,Senior Men Shot Put (7.26kg): 1. Eoin Sheridan (14.85) GOLD
93,Dundrum South Dublin AC,Senior Men,Shot Put (7.26kg),*,1,2,2,175_123-,Willem  Geuskens,13.50,13.5,Silver,,Senior Men Shot Put (7.26kg): 2. Willem  Geuskens (13.50) SILVER
93,Leevale AC,Senior Men,Shot Put (7.26kg),*,1,3,3,190_123-,Ryan Duggan,12.29,12.29,Bronze,,Senior Men Shot Put (7.26kg): 3. Ryan Duggan (12.29) BRONZE
93,Donore Harriers ,Senior Men,Shot Put (7.26kg),*,1,4,4,198_123-,Oisín Cummins Weiss,10.80,10.8,,,Senior Men Shot Put (7.26kg): 4. Oisín Cummins Weiss (10.80) 
93,Nenagh Olympic AC,Senior Men,Shot Put (7.26kg),*,1,5,5,195_123-,Paul White,9.09,9.09,,,Senior Men Shot Put (7.26kg): 5. Paul White (9.09) 
93,St Abbans AC,Senior Men,Shot Put (7.26kg),*,1,6,6,196_123-,Gerard  Kelly,8.06,8.06,,,Senior Men Shot Put (7.26kg): 6. Gerard  Kelly (8.06) 
93,Ratoath AC,Senior Men,Shot Put (7.26kg),*,1,7,7,197_123-,Hugh Kelly,7.84,7.84,,,Senior Men Shot Put (7.26kg): 7. Hugh Kelly (7.84) 
93,Lagan Valley AC,Senior Men,Shot Put (7.26kg),*,1,8,8,199_123-,Joe Frey,6.84,6.84,,,Senior Men Shot Put (7.26kg): 8. Joe Frey (6.84) 
95,Galway,Senior Men,High Jump,*,1,1,1,145_125-,Darragh Kelly,1.8,1.8,Gold,,Senior Men High Jump: 1. Darragh Kelly (1.8) GOLD
95,Donegal,Senior Men,High Jump,*,1,2,2,146_125-,Oisin  Gillespie,1.8,1.8,Silver,,Senior Men High Jump: 2. Oisin  Gillespie (1.8) SILVER
95,Meath ,Senior Men,High Jump,*,1,3,3,150_125-,Tp Carberry Smith,1.8,1.8,Bronze,,Senior Men High Jump: 3. Tp Carberry Smith (1.8) BRONZE
95,East Cork Athletics Division,Senior Men,High Jump,*,1,4,4,149_125-,Wojciech Fraczek,1.65,1.65,,,Senior Men High Jump: 4. Wojciech Fraczek (1.65) 
95,Sligo,Senior Men,High Jump,*,1,5,5,148_125-,Brian Mccabe,1.55,1.55,,,Senior Men High Jump: 5. Brian Mccabe (1.55) 
95,Kerry,Senior Men,High Jump,*,1,6,6,147_125-,Eoin Malik,1.4,1.4,,,Senior Men High Jump: 6. Eoin Malik (1.4) 
96,Leevale AC,Senior Men,High Jump,*,1,1,1,190_126-,Reece Ademola,1.95,1.95,Gold,,Senior Men High Jump: 1. Reece Ademola (1.95) GOLD
96,Dundrum South Dublin AC,Senior Men,High Jump,*,1,2,2,175_126-,Lorcan  Murphy,1.85,1.85,Silver,,Senior Men High Jump: 2. Lorcan  Murphy (1.85) SILVER
96,Donore Harriers ,Senior Men,High Jump,*,1,3,3,198_126-,Leon Nwedo,1.75,1.75,Bronze,,Senior Men High Jump: 3. Leon Nwedo (1.75) BRONZE
96,Lagan Valley AC,Senior Men,High Jump,*,1,4,4,199_126-,Jude Glover,1.7,1.7,,,Senior Men High Jump: 4. Jude Glover (1.7) 
96,St Abbans AC,Senior Men,High Jump,*,1,5,5,196_126-,Peter  Condron,1.7,1.7,,,Senior Men High Jump: 5. Peter  Condron (1.7) 
96,Clonliffe Harriers,Senior Men,High Jump,*,1,6,6,189_126-,Keith Marks,1.6,1.6,,,Senior Men High Jump: 6. Keith Marks (1.6) 
96,Ratoath AC,Senior Men,High Jump,*,1,7,7,197_126-,Emmet Doyle,1.55,1.55,,,Senior Men High Jump: 7. Emmet Doyle (1.55) 
96,Nenagh Olympic AC,Senior Men,High Jump,*,1,0,0,195_126-,Brendan Lynch,0,0,,,Senior Men High Jump: 0. Brendan Lynch (0) 
98,Galway,Senior Men,Discus Throw (2Kg),*,1,1,1,145_128-,Liam Shaw,44.05,44.05,Gold,,Senior Men Discus Throw (2Kg): 1. Liam Shaw (44.05) GOLD
98,Kerry,Senior Men,Discus Throw (2Kg),*,1,2,2,147_128-,Alan O' Connor,40.53,40.53,Silver,,Senior Men Discus Throw (2Kg): 2. Alan O' Connor (40.53) SILVER
98,Meath ,Senior Men,Discus Throw (2Kg),*,1,3,3,150_128-,Robert Higgins,39.71,39.71,Bronze,,Senior Men Discus Throw (2Kg): 3. Robert Higgins (39.71) BRONZE
98,Donegal,Senior Men,Discus Throw (2Kg),*,1,4,4,146_128-,Finn  O Neill,39.53,39.53,,,Senior Men Discus Throw (2Kg): 4. Finn  O Neill (39.53) 
98,Sligo,Senior Men,Discus Throw (2Kg),*,1,5,5,148_128-,Dean Williams,30.60,30.6,,,Senior Men Discus Throw (2Kg): 5. Dean Williams (30.60) 
98,East Cork Athletics Division,Senior Men,Discus Throw (2Kg),*,1,0,0,149_128-,Tbc East Cork Athletics Division,0,0,,,Senior Men Discus Throw (2Kg): 0. Tbc East Cork Athletics Division (0) 
99,Clonliffe Harriers,Senior Men,Discus Throw (2Kg),*,1,1,1,189_129-,Eoin Sheridan,54.98,54.98,Gold,,Senior Men Discus Throw (2Kg): 1. Eoin Sheridan (54.98) GOLD
99,Leevale AC,Senior Men,Discus Throw (2Kg),*,1,2,2,190_129-,Michael Healy,47.57,47.57,Silver,,Senior Men Discus Throw (2Kg): 2. Michael Healy (47.57) SILVER
99,Dundrum South Dublin AC,Senior Men,Discus Throw (2Kg),*,1,3,3,175_129-,Mark  Tierney,33.84,33.84,Bronze,,Senior Men Discus Throw (2Kg): 3. Mark  Tierney (33.84) BRONZE
99,St Abbans AC,Senior Men,Discus Throw (2Kg),*,1,4,4,196_129-,John  Territt,24.67,24.67,,,Senior Men Discus Throw (2Kg): 4. John  Territt (24.67) 
99,Nenagh Olympic AC,Senior Men,Discus Throw (2Kg),*,1,5,5,195_129-,Aaron Malik,21.26,21.26,,,Senior Men Discus Throw (2Kg): 5. Aaron Malik (21.26) 
99,Lagan Valley AC,Senior Men,Discus Throw (2Kg),*,1,6,6,199_129-,Jason Craig,20.29,20.29,,,Senior Men Discus Throw (2Kg): 6. Jason Craig (20.29) 
99,Donore Harriers ,Senior Men,Discus Throw (2Kg),*,1,7,7,198_129-,Alex Conway,17.39,17.39,,,Senior Men Discus Throw (2Kg): 7. Alex Conway (17.39) 
99,Ratoath AC,Senior Men,Discus Throw (2Kg),*,1,0,0,197_129-,Tbc Ratoath Ac,0,0,,,Senior Men Discus Throw (2Kg): 0. Tbc Ratoath Ac (0) 
101,East Cork Athletics Division,Senior Women,Pole Vault,*,1,1,1,142_131-,Maebh Corkery,3.1,3.1,Gold,,Senior Women Pole Vault: 1. Maebh Corkery (3.1) GOLD
101,Kerry,Senior Women,Pole Vault,*,1,2,2,141_131-,Naoise  Cronin ,1.85,1.85,Silver,,Senior Women Pole Vault: 2. Naoise  Cronin  (1.85) SILVER
101,Tipperary,Senior Women,Pole Vault,*,1,3,3,140_131-,Clodagh Donohoe,1.55,1.55,Bronze,,Senior Women Pole Vault: 3. Clodagh Donohoe (1.55) BRONZE
101,Sligo,Senior Women,Pole Vault,*,1,0,0,144_131-,Tbc Sligo,0,0,,,Senior Women Pole Vault: 0. Tbc Sligo (0) 
101,Galway,Senior Women,Pole Vault,*,1,0,0,139_131-,Danielle Fitzpatrick,0,0,,,Senior Women Pole Vault: 0. Danielle Fitzpatrick (0) 
101,Louth,Senior Women,Pole Vault,*,1,0,0,143_131-,Tbc Louth,0,0,,,Senior Women Pole Vault: 0. Tbc Louth (0) 
102,Leevale AC,Senior Women,Pole Vault,*,1,1,1,180_132-,Una Brice,3.2,3.2,Gold,,Senior Women Pole Vault: 1. Una Brice (3.2) GOLD
102,St Laurence O Toole AC,Senior Women,Pole Vault,*,1,2,2,176_132-,Molly  Travers,1.85,1.85,Silver,,Senior Women Pole Vault: 2. Molly  Travers (1.85) SILVER
102,Dundrum South Dublin AC,Senior Women,Pole Vault,*,1,2,2,175_132-,Alison Beck,1.85,1.85,Silver,,Senior Women Pole Vault: 2. Alison Beck (1.85) SILVER
102,Clonliffe Harriers,Senior Women,Pole Vault,*,1,4,4,177_132-,Snezana Bechtina,1.85,1.85,,,Senior Women Pole Vault: 4. Snezana Bechtina (1.85) 
102,Ratoath AC,Senior Women,Pole Vault,*,1,0,0,178_132-,Joy Osas,0,0,,,Senior Women Pole Vault: 0. Joy Osas (0) 
102,Donore Harriers,Senior Women,Pole Vault,*,1,0,0,181_132-,Tbc Donore Harriers,0,0,,,Senior Women Pole Vault: 0. Tbc Donore Harriers (0) 
102,Lagan Valley AC,Senior Women,Pole Vault,*,1,0,0,179_132-,Tbc Lagan Valley Ac,0,0,,,Senior Women Pole Vault: 0. Tbc Lagan Valley Ac (0) 
102,Raheny Shamrock,Senior Women,Pole Vault,*,1,0,0,182_132-,Tbc Raheny Shamrock,0,0,,,Senior Women Pole Vault: 0. Tbc Raheny Shamrock (0) 
104,Galway,Senior Men,Triple Jump,*,1,1,1,145_134-,Darragh Fahy,13.34,13.34,Gold,,Senior Men Triple Jump: 1. Darragh Fahy (13.34) GOLD
104,Kerry,Senior Men,Triple Jump,*,1,2,2,147_134-,Eoin  Malik,12.68,12.68,Silver,,Senior Men Triple Jump: 2. Eoin  Malik (12.68) SILVER
104,Donegal,Senior Men,Triple Jump,*,1,3,3,146_134-,Elvis Okoh,12.30,12.3,Bronze,,Senior Men Triple Jump: 3. Elvis Okoh (12.30) BRONZE
104,East Cork Athletics Division,Senior Men,Triple Jump,*,1,4,4,149_134-,Alex Jaworski,12.28,12.28,,,Senior Men Triple Jump: 4. Alex Jaworski (12.28) 
104,Meath ,Senior Men,Triple Jump,*,1,5,5,150_134-,Thomas Paul Smith Carberry,11.44,11.44,,,Senior Men Triple Jump: 5. Thomas Paul Smith Carberry (11.44) 
104,Sligo,Senior Men,Triple Jump,*,1,6,6,148_134-,Tom Mccabe,11.29,11.29,,,Senior Men Triple Jump: 6. Tom Mccabe (11.29) 
105,Dundrum South Dublin AC,Senior Men,Triple Jump,*,1,1,1,175_135-,Darragh  Mcconville,12.82,12.82,Gold,,Senior Men Triple Jump: 1. Darragh  Mcconville (12.82) GOLD
105,Donore Harriers ,Senior Men,Triple Jump,*,1,2,2,198_135-,Michael Mccarthy Snr,12.11,12.11,Silver,,Senior Men Triple Jump: 2. Michael Mccarthy Snr (12.11) SILVER
105,Nenagh Olympic AC,Senior Men,Triple Jump,*,1,3,3,195_135-,Brendan Lynch,11.75,11.75,Bronze,,Senior Men Triple Jump: 3. Brendan Lynch (11.75) BRONZE
105,Ratoath AC,Senior Men,Triple Jump,*,1,4,4,197_135-,James Kelly,11.55,11.55,,,Senior Men Triple Jump: 4. James Kelly (11.55) 
105,Clonliffe Harriers,Senior Men,Triple Jump,*,1,5,5,189_135-,Eamonn Fahey,11.28,11.28,,,Senior Men Triple Jump: 5. Eamonn Fahey (11.28) 
105,Lagan Valley AC,Senior Men,Triple Jump,*,1,6,6,199_135-,Maurice Parke,10.22,10.22,,,Senior Men Triple Jump: 6. Maurice Parke (10.22) 
105,Leevale AC,Senior Men,Triple Jump,*,1,0,0,190_135-,Matthew Wilkins,-,-2,,,Senior Men Triple Jump: 0. Matthew Wilkins (-) 
105,St Abbans AC,Senior Men,Triple Jump,*,1,0,0,196_135-,David Baldwin,0,0,,,Senior Men Triple Jump: 0. David Baldwin (0) 
107,Tipperary,Senior Women,Weight For Distance (28lbs),*,1,1,1,140_137-,Laura Frawley,7.30,7.3,Gold,,Senior Women Weight For Distance (28lbs): 1. Laura Frawley (7.30) GOLD
107,Kerry,Senior Women,Weight For Distance (28lbs),*,1,2,2,141_137-,Mairead  O'Neill ,6.48,6.48,Silver,,Senior Women Weight For Distance (28lbs): 2. Mairead  O'Neill  (6.48) SILVER
107,East Cork Athletics Division,Senior Women,Weight For Distance (28lbs),*,1,3,3,142_137-,Leah Parker,5.39,5.39,Bronze,,Senior Women Weight For Distance (28lbs): 3. Leah Parker (5.39) BRONZE
107,Sligo,Senior Women,Weight For Distance (28lbs),*,1,4,4,144_137-,Carmel O'Neill,4.78,4.78,,,Senior Women Weight For Distance (28lbs): 4. Carmel O'Neill (4.78) 
107,Louth,Senior Women,Weight For Distance (28lbs),*,1,5,5,143_137-,Emma Conway,4.61,4.61,,,Senior Women Weight For Distance (28lbs): 5. Emma Conway (4.61) 
107,Galway,Senior Women,Weight For Distance (28lbs),*,1,6,6,139_137-,Mary Barrett,4.22,4.22,,,Senior Women Weight For Distance (28lbs): 6. Mary Barrett (4.22) 
108,Dundrum South Dublin AC,Senior Women,Weight For Distance (28lbs),*,1,1,1,175_138-,Rachel Dunne,5.49,5.49,Gold,,Senior Women Weight For Distance (28lbs): 1. Rachel Dunne (5.49) GOLD
108,St Laurence O Toole AC,Senior Women,Weight For Distance (28lbs),*,1,2,2,176_138-,Susie Mitchell,5.28,5.28,Silver,,Senior Women Weight For Distance (28lbs): 2. Susie Mitchell (5.28) SILVER
108,Lagan Valley AC,Senior Women,Weight For Distance (28lbs),*,1,3,3,179_138-,Suzie Cave,5.16,5.16,Bronze,,Senior Women Weight For Distance (28lbs): 3. Suzie Cave (5.16) BRONZE
108,Ratoath AC,Senior Women,Weight For Distance (28lbs),*,1,4,4,178_138-,Siobheal Murray,5.15,5.15,,,Senior Women Weight For Distance (28lbs): 4. Siobheal Murray (5.15) 
108,Clonliffe Harriers,Senior Women,Weight For Distance (28lbs),*,1,5,5,177_138-,Vivian Okafor,5.04,5.04,,,Senior Women Weight For Distance (28lbs): 5. Vivian Okafor (5.04) 
108,Leevale AC,Senior Women,Weight For Distance (28lbs),*,1,6,6,180_138-,Julia Duszynska,3.52,3.52,,,Senior Women Weight For Distance (28lbs): 6. Julia Duszynska (3.52) 
108,Donore Harriers,Senior Women,Weight For Distance (28lbs),*,1,7,7,181_138-,Ann Gormley,2.91,2.91,,,Senior Women Weight For Distance (28lbs): 7. Ann Gormley (2.91) 
108,Raheny Shamrock,Senior Women,Weight For Distance (28lbs),*,1,0,0,182_138-,Tbc Raheny Shamrock,0,0,,,Senior Women Weight For Distance (28lbs): 0. Tbc Raheny Shamrock (0) 
110,Louth,Senior Women,Javelin Throw (600g),*,1,1,1,143_140-,Amy Mcteggart,33.04,33.04,Gold,,Senior Women Javelin Throw (600g): 1. Amy Mcteggart (33.04) GOLD
110,Tipperary,Senior Women,Javelin Throw (600g),*,1,2,2,140_140-,Jade Barry,31.61,31.61,Silver,,Senior Women Javelin Throw (600g): 2. Jade Barry (31.61) SILVER
110,Kerry,Senior Women,Javelin Throw (600g),*,1,3,3,141_140-,Abby  Littlejohn ,28.64,28.64,Bronze,,Senior Women Javelin Throw (600g): 3. Abby  Littlejohn  (28.64) BRONZE
110,Galway,Senior Women,Javelin Throw (600g),*,1,4,4,139_140-,Annalysse Nally,23.68,23.68,,,Senior Women Javelin Throw (600g): 4. Annalysse Nally (23.68) 
110,East Cork Athletics Division,Senior Women,Javelin Throw (600g),*,1,5,5,142_140-,Lily O'Riordan,21.65,21.65,,,Senior Women Javelin Throw (600g): 5. Lily O'Riordan (21.65) 
110,Sligo,Senior Women,Javelin Throw (600g),*,1,0,0,144_140-,Tbc Sligo,0,0,,,Senior Women Javelin Throw (600g): 0. Tbc Sligo (0) 
112,Leevale AC,Senior Women,Javelin Throw (600g),*,1,1,1,180_141-,Katie Kingston,38.29,38.29,Gold,,Senior Women Javelin Throw (600g): 1. Katie Kingston (38.29) GOLD
112,Dundrum South Dublin AC,Senior Women,Javelin Throw (600g),*,1,2,2,175_141-,Anita White,37.66,37.66,Silver,,Senior Women Javelin Throw (600g): 2. Anita White (37.66) SILVER
112,Clonliffe Harriers,Senior Women,Javelin Throw (600g),*,1,3,3,177_141-,Mia Primke,35.61,35.61,Bronze,,Senior Women Javelin Throw (600g): 3. Mia Primke (35.61) BRONZE
112,St Laurence O Toole AC,Senior Women,Javelin Throw (600g),*,1,4,4,176_141-,Isabelle Mccormack,28.74,28.74,,,Senior Women Javelin Throw (600g): 4. Isabelle Mccormack (28.74) 
112,Ratoath AC,Senior Women,Javelin Throw (600g),*,1,5,5,178_141-,Tbc Ratoath Ac,22.14,22.14,,,Senior Women Javelin Throw (600g): 5. Tbc Ratoath Ac (22.14) 
112,Donore Harriers,Senior Women,Javelin Throw (600g),*,1,6,6,181_141-,Zion Osasanaga Osawe,17.89,17.89,,,Senior Women Javelin Throw (600g): 6. Zion Osasanaga Osawe (17.89) 
112,Lagan Valley AC,Senior Women,Javelin Throw (600g),*,1,7,7,179_141-,Lynsey Glover,14.97,14.97,,,Senior Women Javelin Throw (600g): 7. Lynsey Glover (14.97) 
112,Raheny Shamrock,Senior Women,Javelin Throw (600g),*,1,8,8,182_141-,Katerina  Ledecka,11.63,11.63,,,Senior Women Javelin Throw (600g): 8. Katerina  Ledecka (11.63) 
114,East Cork Athletics Division,Senior Women,Discus Throw (1Kg),*,1,1,1,142_143-,Blessing Alamu,35.64,35.64,Gold,,Senior Women Discus Throw (1Kg): 1. Blessing Alamu (35.64) GOLD
114,Tipperary,Senior Women,Discus Throw (1Kg),*,1,2,2,140_143-,Niamh Madden,33.76,33.76,Silver,,Senior Women Discus Throw (1Kg): 2. Niamh Madden (33.76) SILVER
114,Kerry,Senior Women,Discus Throw (1Kg),*,1,3,3,141_143-,Niamh  O'Shea,31.35,31.35,Bronze,,Senior Women Discus Throw (1Kg): 3. Niamh  O'Shea (31.35) BRONZE
114,Sligo,Senior Women,Discus Throw (1Kg),*,1,4,4,144_143-,Mary O'Meara,26.78,26.78,,,Senior Women Discus Throw (1Kg): 4. Mary O'Meara (26.78) 
114,Louth,Senior Women,Discus Throw (1Kg),*,1,5,5,143_143-,Josephine Fagbemi,26.62,26.62,,,Senior Women Discus Throw (1Kg): 5. Josephine Fagbemi (26.62) 
114,Galway,Senior Women,Discus Throw (1Kg),*,1,6,6,139_143-,Juno Hayes,25.17,25.17,,,Senior Women Discus Throw (1Kg): 6. Juno Hayes (25.17) 
115,St Laurence O Toole AC,Senior Women,Discus Throw (1Kg),*,1,1,1,176_144-,Chloe Ryan,36.53,36.53,Gold,,Senior Women Discus Throw (1Kg): 1. Chloe Ryan (36.53) GOLD
115,Leevale AC,Senior Women,Discus Throw (1Kg),*,1,2,2,180_144-,Rebecca Walsh,33.56,33.56,Silver,,Senior Women Discus Throw (1Kg): 2. Rebecca Walsh (33.56) SILVER
115,Clonliffe Harriers,Senior Women,Discus Throw (1Kg),*,1,3,3,177_144-,Mia Primke,27.40,27.4,Bronze,,Senior Women Discus Throw (1Kg): 3. Mia Primke (27.40) BRONZE
115,Lagan Valley AC,Senior Women,Discus Throw (1Kg),*,1,4,4,179_144-,Ciara Burrows,24.69,24.69,,,Senior Women Discus Throw (1Kg): 4. Ciara Burrows (24.69) 
115,Dundrum South Dublin AC,Senior Women,Discus Throw (1Kg),*,1,5,5,175_144-,Anita White,22.46,22.46,,,Senior Women Discus Throw (1Kg): 5. Anita White (22.46) 
115,Ratoath AC,Senior Women,Discus Throw (1Kg),*,1,0,0,178_144-,Tbc Ratoath Ac,0,0,,,Senior Women Discus Throw (1Kg): 0. Tbc Ratoath Ac (0) 
115,Donore Harriers,Senior Women,Discus Throw (1Kg),*,1,0,0,181_144-,Melady Omozee,X,-1,,,Senior Women Discus Throw (1Kg): 0. Melady Omozee (X) 
115,Raheny Shamrock,Senior Women,Discus Throw (1Kg),*,1,0,0,182_144-,Niamh  Fogarty ,0,0,,,Senior Women Discus Throw (1Kg): 0. Niamh  Fogarty  (0) 
117,Tipperary,Senior Women,Long Jump,*,1,1,1,140_146-,Emma O'Neill,5.33,5.33,Gold,,Senior Women Long Jump: 1. Emma O'Neill (5.33) GOLD
117,Galway,Senior Women,Long Jump,*,1,2,2,139_146-,Alisha Larkin,5.00,5,Silver,,Senior Women Long Jump: 2. Alisha Larkin (5.00) SILVER
117,East Cork Athletics Division,Senior Women,Long Jump,*,1,3,3,142_146-,Blessing Alamu,4.81,4.81,Bronze,,Senior Women Long Jump: 3. Blessing Alamu (4.81) BRONZE
117,Louth,Senior Women,Long Jump,*,1,4,4,143_146-,Victoria Ovie,4.74,4.74,,,Senior Women Long Jump: 4. Victoria Ovie (4.74) 
117,Kerry,Senior Women,Long Jump,*,1,5,5,141_146-,Antonya  Lejwoda,4.47,4.47,,,Senior Women Long Jump: 5. Antonya  Lejwoda (4.47) 
117,Sligo,Senior Women,Long Jump,*,1,6,6,144_146-,Erin Walsh,3.25,3.25,,,Senior Women Long Jump: 6. Erin Walsh (3.25) 
118,Dundrum South Dublin AC,Senior Women,Long Jump,*,1,1,1,175_147-,Louise King,5.11,5.11,Gold,,Senior Women Long Jump: 1. Louise King (5.11) GOLD
118,Leevale AC,Senior Women,Long Jump,*,1,2,2,180_147-,Tara Cronin,5.00,5,Silver,,Senior Women Long Jump: 2. Tara Cronin (5.00) SILVER
118,Donore Harriers,Senior Women,Long Jump,*,1,3,3,181_147-,Zion Osasanaga Osawe,4.88,4.88,Bronze,,Senior Women Long Jump: 3. Zion Osasanaga Osawe (4.88) BRONZE
118,Ratoath AC,Senior Women,Long Jump,*,1,4,4,178_147-,Eabha Hanley,4.79,4.79,,,Senior Women Long Jump: 4. Eabha Hanley (4.79) 
118,Lagan Valley AC,Senior Women,Long Jump,*,1,5,5,179_147-,Beth Evans,4.44,4.44,,,Senior Women Long Jump: 5. Beth Evans (4.44) 
118,Raheny Shamrock,Senior Women,Long Jump,*,1,6,6,182_147-,Penny Clarke Dorian,4.40,4.4,,,Senior Women Long Jump: 6. Penny Clarke Dorian (4.40) 
118,St Laurence O Toole AC,Senior Women,Long Jump,*,1,7,7,176_147-,Edel Hayden,4.09,4.09,,,Senior Women Long Jump: 7. Edel Hayden (4.09) 
118,Clonliffe Harriers,Senior Women,Long Jump,*,1,8,8,177_147-,Caoimhe Del Bello,3.70,3.7,,,Senior Women Long Jump: 8. Caoimhe Del Bello (3.70) 
120,Donegal,Senior Men,Javelin Throw (800g),*,1,1,1,146_149-,Dylan  Kearns,55.43,55.43,Gold,,Senior Men Javelin Throw (800g): 1. Dylan  Kearns (55.43) GOLD
120,Kerry,Senior Men,Javelin Throw (800g),*,1,2,2,147_149-,Kevin O' Shea,54.24,54.24,Silver,,Senior Men Javelin Throw (800g): 2. Kevin O' Shea (54.24) SILVER
120,Meath ,Senior Men,Javelin Throw (800g),*,1,3,3,150_149-,Denis Delaney,37.08,37.08,Bronze,,Senior Men Javelin Throw (800g): 3. Denis Delaney (37.08) BRONZE
120,East Cork Athletics Division,Senior Men,Javelin Throw (800g),*,1,4,4,149_149-,Tbc East Cork Athletics Division,21.20,21.2,,,Senior Men Javelin Throw (800g): 4. Tbc East Cork Athletics Division (21.20) 
120,Sligo,Senior Men,Javelin Throw (800g),*,1,5,5,148_149-,Conor Mcdonagh,21.12,21.12,,,Senior Men Javelin Throw (800g): 5. Conor Mcdonagh (21.12) 
120,Galway,Senior Men,Javelin Throw (800g),*,1,0,0,145_149-,Ben Edeh,X,-1,,,Senior Men Javelin Throw (800g): 0. Ben Edeh (X) 
121,Leevale AC,Senior Men,Javelin Throw (800g),*,1,1,1,190_150-,Andrew Scanlon,58.67,58.67,Gold,,Senior Men Javelin Throw (800g): 1. Andrew Scanlon (58.67) GOLD
121,Clonliffe Harriers,Senior Men,Javelin Throw (800g),*,1,2,2,189_150-,Hubert Adamczyk,50.76,50.76,Silver,,Senior Men Javelin Throw (800g): 2. Hubert Adamczyk (50.76) SILVER
121,Dundrum South Dublin AC,Senior Men,Javelin Throw (800g),*,1,3,3,175_150-,Willem  Geuskens,45.06,45.06,Bronze,,Senior Men Javelin Throw (800g): 3. Willem  Geuskens (45.06) BRONZE
121,St Abbans AC,Senior Men,Javelin Throw (800g),*,1,4,4,196_150-,Matthew Rossiter,44.46,44.46,,,Senior Men Javelin Throw (800g): 4. Matthew Rossiter (44.46) 
121,Lagan Valley AC,Senior Men,Javelin Throw (800g),*,1,5,5,199_150-,Jason Craig,43.61,43.61,,,Senior Men Javelin Throw (800g): 5. Jason Craig (43.61) 
121,Ratoath AC,Senior Men,Javelin Throw (800g),*,1,6,6,197_150-,Sean O' Sullivan,34.66,34.66,,,Senior Men Javelin Throw (800g): 6. Sean O' Sullivan (34.66) 
121,Nenagh Olympic AC,Senior Men,Javelin Throw (800g),*,1,7,7,195_150-,Joseph Miniter,33.13,33.13,,,Senior Men Javelin Throw (800g): 7. Joseph Miniter (33.13) 
121,Donore Harriers ,Senior Men,Javelin Throw (800g),*,1,8,8,198_150-,Ciarán Farrell,10.17,10.17,,,Senior Men Javelin Throw (800g): 8. Ciarán Farrell (10.17) 
123,Meath ,Senior Men,Weight For Distance (56lbs),*,1,1,1,150_152-,Robert Higgins,7.04,7.04,Gold,,Senior Men Weight For Distance (56lbs): 1. Robert Higgins (7.04) GOLD
123,Kerry,Senior Men,Weight For Distance (56lbs),*,1,2,2,147_152-,Padraic Mccarthy,5.21,5.21,Silver,,Senior Men Weight For Distance (56lbs): 2. Padraic Mccarthy (5.21) SILVER
123,East Cork Athletics Division,Senior Men,Weight For Distance (56lbs),*,1,3,3,149_152-,Jack Ahern,5.05,5.05,Bronze,,Senior Men Weight For Distance (56lbs): 3. Jack Ahern (5.05) BRONZE
123,Sligo,Senior Men,Weight For Distance (56lbs),*,1,4,4,148_152-,Sean Flannery,4.80,4.8,,,Senior Men Weight For Distance (56lbs): 4. Sean Flannery (4.80) 
123,Galway,Senior Men,Weight For Distance (56lbs),*,1,5,5,145_152-,Justin Lane,4.52,4.52,,,Senior Men Weight For Distance (56lbs): 5. Justin Lane (4.52) 
123,Donegal,Senior Men,Weight For Distance (56lbs),*,1,6,6,146_152-,Aidan  Gillespie,4.48,4.48,,,Senior Men Weight For Distance (56lbs): 6. Aidan  Gillespie (4.48) 
124,Leevale AC,Senior Men,Weight For Distance (56lbs),*,1,1,1,190_153-,Michael Healy,8.65,8.65,Gold,,Senior Men Weight For Distance (56lbs): 1. Michael Healy (8.65) GOLD
124,Clonliffe Harriers,Senior Men,Weight For Distance (56lbs),*,1,2,2,189_153-,Niall Allen,6.37,6.37,Silver,,Senior Men Weight For Distance (56lbs): 2. Niall Allen (6.37) SILVER
124,St Abbans AC,Senior Men,Weight For Distance (56lbs),*,1,3,3,196_153-,Patrick  Baldwin,5.77,5.77,Bronze,,Senior Men Weight For Distance (56lbs): 3. Patrick  Baldwin (5.77) BRONZE
124,Lagan Valley AC,Senior Men,Weight For Distance (56lbs),*,1,4,4,199_153-,Oliver  Taylor,5.36,5.36,,,Senior Men Weight For Distance (56lbs): 4. Oliver  Taylor (5.36) 
124,Nenagh Olympic AC,Senior Men,Weight For Distance (56lbs),*,1,5,5,195_153-,Lewis Doyle,4.10,4.1,,,Senior Men Weight For Distance (56lbs): 5. Lewis Doyle (4.10) 
124,Donore Harriers ,Senior Men,Weight For Distance (56lbs),*,1,6,6,198_153-,James Dunne,3.21,3.21,,,Senior Men Weight For Distance (56lbs): 6. James Dunne (3.21) 
124,Dundrum South Dublin AC,Senior Men,Weight For Distance (56lbs),*,1,0,0,175_153-,Jack  Moraghan,0,0,,,Senior Men Weight For Distance (56lbs): 0. Jack  Moraghan (0) 
124,Ratoath AC,Senior Men,Weight For Distance (56lbs),*,1,0,0,197_153-,Hugh Kelly,0,0,,,Senior Men Weight For Distance (56lbs): 0. Hugh Kelly (0) 
132,Enniscorthy AC,Senior Women,4x400m Relay,*,1,1,1,,Enniscorthy AC,4:10.43,250.423,Gold,"Fogarty, Blanaid, O Connor, Stephanie, Phylan, Sarah, Reck, Chloe, Gallagher O Reilly, Ruby, O Connor, Maggie, ",Senior Women 4x400m Relay: 1. Enniscorthy AC (4:10.43) GOLD
132,Waterford AC,Senior Women,4x400m Relay,*,1,2,2,,Waterford AC,4:12.33,252.323,Silver,"Clinton, Lucy , Murphy, Caoimhe , Rohan, Ciara , Maher, Nancy, Cleary, Roisin , Fitzgerald, Saoirse, ",Senior Women 4x400m Relay: 2. Waterford AC (4:12.33) SILVER
132,Kilkenny City Harriers,Senior Women,4x400m Relay,*,1,3,3,,Kilkenny City Harriers,4:17.72,257.716,Bronze,"Delahunty, Grace, O Callaghan , Clodagh, Holden, Blaithin, Wall, Ella, Kilkenny City Harriers, Tbc, Kilkenny City Harriers, Tbc, ",Senior Women 4x400m Relay: 3. Kilkenny City Harriers (4:17.72) BRONZE
132,St Abbans AC,Senior Women,4x400m Relay,*,1,4,4,,St Abbans AC,4:45.77,285.767,,"St Abbans Ac, Tbc, St Abbans Ac, Tbc, St Abbans Ac, Tbc, St Abbans Ac, Tbc, St Abbans Ac, Tbc, St Abbans Ac, Tbc, ",Senior Women 4x400m Relay: 4. St Abbans AC (4:45.77) 
133,Kilkenny City Harriers,Senior Women,4x100m Relay,*,1,1,1,,Kilkenny City Harriers,50.48,50.48,Gold,"Wall, Ella, Delahunty, Grace, Bergin, Martha , Maher, Kate, Kilkenny City Harriers, Tbc, Kilkenny City Harriers, Tbc, ",Senior Women 4x100m Relay: 1. Kilkenny City Harriers (50.48) GOLD
133,Enniscorthy AC,Senior Women,4x100m Relay,*,1,2,2,,Enniscorthy AC,51.39,51.386,Silver,"Reck, Chloe, Doyle, Katie, Fogarty, Blanaid, O Connor, Stephanie, O Connor, Maggie, Enniscorthy Ac, Tbc, ",Senior Women 4x100m Relay: 2. Enniscorthy AC (51.39) SILVER
133,Waterford AC,Senior Women,4x100m Relay,*,1,3,3,,Waterford AC,53.51,53.504,Bronze,"Power, Roseanne, O Connor, Chloe, Cleary, Roisin , Fitzgerald, Saoirse, Waterford Ac, Tbc, Waterford Ac, Tbc, ",Senior Women 4x100m Relay: 3. Waterford AC (53.51) BRONZE
133,St Abbans AC,Senior Women,4x100m Relay,*,1,0,0,,St Abbans AC,DNF,-2,,"Millet, Ruby, Fitzgerald, Lucy, Baldwin, Katie, Buggy, Saragh, Troy, Aaliyah, Mcdonald, Aoibhin , ",Senior Women 4x100m Relay: 0. St Abbans AC (DNF) 
134,Waterford AC,Senior Women,100m Hurdles (0.838m),*,1,1,1,184_156-,Caoimhe  Murphy,16.92,16.912,Gold,,Senior Women 100m Hurdles (0.838m): 1. Caoimhe  Murphy (16.92) GOLD
134,Kilkenny City Harriers,Senior Women,100m Hurdles (0.838m),*,1,2,2,185_156-,Blaithin Holden,17.52,17.513,Silver,,Senior Women 100m Hurdles (0.838m): 2. Blaithin Holden (17.52) SILVER
134,St Abbans AC,Senior Women,100m Hurdles (0.838m),*,1,0,0,183_156-,Tbc St Abbans Ac,DNS,-3,,,Senior Women 100m Hurdles (0.838m): 0. Tbc St Abbans Ac (DNS) 
134,Enniscorthy AC,Senior Women,100m Hurdles (0.838m),*,1,0,0,187_156-,Katie Doyle,DNS,-3,,,Senior Women 100m Hurdles (0.838m): 0. Katie Doyle (DNS) 
135,Waterford AC,Senior Women,400m Hurdles (0.762m),*,1,1,1,184_157-,Caoimhe  Murphy,1:09.67,69.667,Gold,,Senior Women 400m Hurdles (0.762m): 1. Caoimhe  Murphy (1:09.67) GOLD
135,Kilkenny City Harriers,Senior Women,400m Hurdles (0.762m),*,1,2,2,185_157-,Blaithin Holden,1:13.87,73.868,Silver,,Senior Women 400m Hurdles (0.762m): 2. Blaithin Holden (1:13.87) SILVER
135,Enniscorthy AC,Senior Women,400m Hurdles (0.762m),*,1,3,3,187_157-,Stephanie O Connor,1:16.14,76.139,Bronze,,Senior Women 400m Hurdles (0.762m): 3. Stephanie O Connor (1:16.14) BRONZE
135,St Abbans AC,Senior Women,400m Hurdles (0.762m),*,1,4,4,183_157-,Katie Baldwin,1:20.07,80.063,,,Senior Women 400m Hurdles (0.762m): 4. Katie Baldwin (1:20.07) 
136,Waterford AC,Senior Women,1500m,*,1,1,1,184_158-,Ciara  Rohan,4:33.98,273.976,Gold,,Senior Women 1500m: 1. Ciara  Rohan (4:33.98) GOLD
136,Enniscorthy AC,Senior Women,1500m,*,1,2,2,187_158-,Ruby Gallagher O Reilly,5:21.46,321.452,Silver,,Senior Women 1500m: 2. Ruby Gallagher O Reilly (5:21.46) SILVER
136,Kilkenny City Harriers,Senior Women,1500m,*,1,3,3,185_158-,Hazel Coogan ,5:23.25,323.243,Bronze,,Senior Women 1500m: 3. Hazel Coogan  (5:23.25) BRONZE
136,St Abbans AC,Senior Women,1500m,*,1,0,0,183_158-,Emily O'Shea,DNF,-2,,,Senior Women 1500m: 0. Emily O'Shea (DNF) 
137,Kilkenny City Harriers,Senior Women,400m Sprint,*,1,1,1,185_159-,Ella Wall,1:01.73,61.724,Gold,,Senior Women 400m Sprint: 1. Ella Wall (1:01.73) GOLD
137,Enniscorthy AC,Senior Women,400m Sprint,*,1,2,2,187_159-,Stephanie O Connor,1:03.61,63.603,Silver,,Senior Women 400m Sprint: 2. Stephanie O Connor (1:03.61) SILVER
137,Waterford AC,Senior Women,400m Sprint,*,1,3,3,184_159-,Nancy Maher,1:04.81,64.807,Bronze,,Senior Women 400m Sprint: 3. Nancy Maher (1:04.81) BRONZE
137,St Abbans AC,Senior Women,400m Sprint,*,1,0,0,183_159-,Emily  O'Shea,DNS,-3,,,Senior Women 400m Sprint: 0. Emily  O'Shea (DNS) 
138,Waterford AC,Senior Women,3000m,*,1,1,1,184_160-,Emer Mcglynn,10:15.47,615.466,Gold,,Senior Women 3000m: 1. Emer Mcglynn (10:15.47) GOLD
138,Enniscorthy AC,Senior Women,3000m,*,1,2,2,187_160-,Tbc Enniscorthy Ac,13:59.00,838.997,Silver,,Senior Women 3000m: 2. Tbc Enniscorthy Ac (13:59.00) SILVER
138,Kilkenny City Harriers,Senior Women,3000m,*,1,3,3,185_160-,Evelyn Mcevoy,14:48.73,888.727,Bronze,,Senior Women 3000m: 3. Evelyn Mcevoy (14:48.73) BRONZE
138,St Abbans AC,Senior Women,3000m,*,1,0,0,183_160-,Caitlin Mcdonald,DNS,-3,,,Senior Women 3000m: 0. Caitlin Mcdonald (DNS) 
139,Kilkenny City Harriers,Senior Women,200m Sprint,*,1,1,1,185_161-,Kate Maher,25.39,25.39,Gold,,Senior Women 200m Sprint: 1. Kate Maher (25.39) GOLD
139,Enniscorthy AC,Senior Women,200m Sprint,*,1,2,2,187_161-,Chloe Reck,27.28,27.279,Silver,,Senior Women 200m Sprint: 2. Chloe Reck (27.28) SILVER
139,Waterford AC,Senior Women,200m Sprint,*,1,3,3,184_161-,Roseanne Power,28.61,28.609,Bronze,,Senior Women 200m Sprint: 3. Roseanne Power (28.61) BRONZE
139,St Abbans AC,Senior Women,200m Sprint,*,1,4,4,183_161-,Lucy Fitzgerald,29.63,29.621,,,Senior Women 200m Sprint: 4. Lucy Fitzgerald (29.63) 
140,Waterford AC,Senior Women,800m,*,1,1,1,184_162-,Lucy  Clinton,2:16.76,136.752,Gold,,Senior Women 800m: 1. Lucy  Clinton (2:16.76) GOLD
140,Kilkenny City Harriers,Senior Women,800m,*,1,2,2,185_162-,Clodagh O Callaghan ,2:21.51,141.502,Silver,,Senior Women 800m: 2. Clodagh O Callaghan  (2:21.51) SILVER
140,Enniscorthy AC,Senior Women,800m,*,1,3,3,187_162-,Sarah Phylan,2:26.30,146.296,Bronze,,Senior Women 800m: 3. Sarah Phylan (2:26.30) BRONZE
140,St Abbans AC,Senior Women,800m,*,1,0,0,183_162-,Maisy O'Sullivan,DNS,-3,,,Senior Women 800m: 0. Maisy O'Sullivan (DNS) 
141,Enniscorthy AC,Senior Women,2000m Steeplechase (0.762m),*,1,1,1,187_163-,Lilly Rose Gadacz,9:43.10,583.092,Gold,,Senior Women 2000m Steeplechase (0.762m): 1. Lilly Rose Gadacz (9:43.10) GOLD
141,St Abbans AC,Senior Women,2000m Steeplechase (0.762m),*,1,0,0,183_163-,Tbc St Abbans Ac,DNS,-3,,,Senior Women 2000m Steeplechase (0.762m): 0. Tbc St Abbans Ac (DNS) 
141,Kilkenny City Harriers,Senior Women,2000m Steeplechase (0.762m),*,1,0,0,185_163-,Tbc Kilkenny City Harriers,DNS,-3,,,Senior Women 2000m Steeplechase (0.762m): 0. Tbc Kilkenny City Harriers (DNS) 
141,Waterford AC,Senior Women,2000m Steeplechase (0.762m),*,1,0,0,184_163-,Tbc Waterford Ac,DNS,-3,,,Senior Women 2000m Steeplechase (0.762m): 0. Tbc Waterford Ac (DNS) 
142,Enniscorthy AC,Senior Women,100m Sprint,*,1,1,1,187_164-,Chloe Reck,13.19,13.185,Gold,,Senior Women 100m Sprint: 1. Chloe Reck (13.19) GOLD
142,Kilkenny City Harriers,Senior Women,100m Sprint,*,1,2,2,185_164-,Grace Delahunty,13.52,13.515,Silver,,Senior Women 100m Sprint: 2. Grace Delahunty (13.52) SILVER
142,St Abbans AC,Senior Women,100m Sprint,*,1,3,3,183_164-,Ruby Millet,13.70,13.696,Bronze,,Senior Women 100m Sprint: 3. Ruby Millet (13.70) BRONZE
142,Waterford AC,Senior Women,100m Sprint,*,1,4,4,184_164-,Roseanne Power,13.81,13.801,,,Senior Women 100m Sprint: 4. Roseanne Power (13.81) 
143,Enniscorthy AC,Senior Women,Shot Put (4kg),*,1,1,1,187_165-,Saidbhe Byrne,9.71,9.71,Gold,,Senior Women Shot Put (4kg): 1. Saidbhe Byrne (9.71) GOLD
143,Waterford AC,Senior Women,Shot Put (4kg),*,1,2,2,184_165-,Roseanne Power,6.59,6.59,Silver,,Senior Women Shot Put (4kg): 2. Roseanne Power (6.59) SILVER
143,St Abbans AC,Senior Women,Shot Put (4kg),*,1,3,3,183_165-,Bernie  Lawless,6.35,6.35,Bronze,,Senior Women Shot Put (4kg): 3. Bernie  Lawless (6.35) BRONZE
143,Kilkenny City Harriers,Senior Women,Shot Put (4kg),*,1,4,4,185_165-,Karen Nugent,5.49,5.49,,,Senior Women Shot Put (4kg): 4. Karen Nugent (5.49) 
144,Kilkenny City Harriers,Senior Women,High Jump,*,1,1,1,185_166-,Ella Wall,1.5,1.5,Gold,,Senior Women High Jump: 1. Ella Wall (1.5) GOLD
144,St Abbans AC,Senior Women,High Jump,*,1,2,2,183_166-,Aaliyah Troy,1.4,1.4,Silver,,Senior Women High Jump: 2. Aaliyah Troy (1.4) SILVER
144,Enniscorthy AC,Senior Women,High Jump,*,1,3,3,187_166-,Ruby Gallagher O Reilly,1.35,1.35,Bronze,,Senior Women High Jump: 3. Ruby Gallagher O Reilly (1.35) BRONZE
144,Waterford AC,Senior Women,High Jump,*,1,4,4,184_166-,Ciara  Rohan,1.1,1.1,,,Senior Women High Jump: 4. Ciara  Rohan (1.1) 
145,St Abbans AC,Senior Women,Hammer Throw (4Kg),*,1,1,1,183_167-,Eadaoin Coady,23.82,23.82,Gold,,Senior Women Hammer Throw (4Kg): 1. Eadaoin Coady (23.82) GOLD
145,Enniscorthy AC,Senior Women,Hammer Throw (4Kg),*,1,2,2,187_167-,Deirdre Bowler Kavanagh,17.34,17.34,Silver,,Senior Women Hammer Throw (4Kg): 2. Deirdre Bowler Kavanagh (17.34) SILVER
145,Kilkenny City Harriers,Senior Women,Hammer Throw (4Kg),*,1,3,3,185_167-,Karen Nugent,15.02,15.02,Bronze,,Senior Women Hammer Throw (4Kg): 3. Karen Nugent (15.02) BRONZE
145,Waterford AC,Senior Women,Hammer Throw (4Kg),*,1,0,0,184_167-,Tbc Waterford Ac,DNS,-3,,,Senior Women Hammer Throw (4Kg): 0. Tbc Waterford Ac (DNS) 
146,Kilkenny City Harriers,Senior Women,Long Jump,*,1,1,1,185_168-,Abbie O Brien,4.40,4.4,Gold,,Senior Women Long Jump: 1. Abbie O Brien (4.40) GOLD
146,St Abbans AC,Senior Women,Long Jump,*,1,2,2,183_168-,Ruby  Millet,4.36,4.36,Silver,,Senior Women Long Jump: 2. Ruby  Millet (4.36) SILVER
146,Waterford AC,Senior Women,Long Jump,*,1,3,3,184_168-,Chloe O Connor,3.98,3.98,Bronze,,Senior Women Long Jump: 3. Chloe O Connor (3.98) BRONZE
146,Enniscorthy AC,Senior Women,Long Jump,*,1,4,4,187_168-,Maggie O Connor,3.67,3.67,,,Senior Women Long Jump: 4. Maggie O Connor (3.67) 
147,St Abbans AC,Senior Women,Pole Vault,*,1,1,1,183_169-,Aoibhin  Mcdonald,2.6,2.6,Gold,,Senior Women Pole Vault: 1. Aoibhin  Mcdonald (2.6) GOLD
147,Enniscorthy AC,Senior Women,Pole Vault,*,1,2,2,187_169-,Jelana Mcnamara,1.55,1.55,Silver,,Senior Women Pole Vault: 2. Jelana Mcnamara (1.55) SILVER
147,Waterford AC,Senior Women,Pole Vault,*,1,0,0,184_169-,Tbc Waterford Ac,0,0,,,Senior Women Pole Vault: 0. Tbc Waterford Ac (0) 
147,Kilkenny City Harriers,Senior Women,Pole Vault,*,1,0,0,185_169-,Tbc Kilkenny City Harriers,0,0,,,Senior Women Pole Vault: 0. Tbc Kilkenny City Harriers (0) 
148,Enniscorthy AC,Senior Women,Weight For Distance (28lbs),*,1,1,1,187_170-,Deirdre Bowler Kavanagh,5.73,5.73,Gold,,Senior Women Weight For Distance (28lbs): 1. Deirdre Bowler Kavanagh (5.73) GOLD
148,Kilkenny City Harriers,Senior Women,Weight For Distance (28lbs),*,1,2,2,185_170-,Ashing Burns,4.34,4.34,Silver,,Senior Women Weight For Distance (28lbs): 2. Ashing Burns (4.34) SILVER
148,St Abbans AC,Senior Women,Weight For Distance (28lbs),*,1,3,3,183_170-,Bernie  Lawless,4.15,4.15,Bronze,,Senior Women Weight For Distance (28lbs): 3. Bernie  Lawless (4.15) BRONZE
148,Waterford AC,Senior Women,Weight For Distance (28lbs),*,1,0,0,184_170-,Tbc Waterford Ac,0,0,,,Senior Women Weight For Distance (28lbs): 0. Tbc Waterford Ac (0) 
149,Enniscorthy AC,Senior Women,Discus Throw (1Kg),*,1,1,1,187_171-,Lisa Breen,19.55,19.55,Gold,,Senior Women Discus Throw (1Kg): 1. Lisa Breen (19.55) GOLD
149,Kilkenny City Harriers,Senior Women,Discus Throw (1Kg),*,1,2,2,185_171-,Ashing Burns,18.84,18.84,Silver,,Senior Women Discus Throw (1Kg): 2. Ashing Burns (18.84) SILVER
149,St Abbans AC,Senior Women,Discus Throw (1Kg),*,1,3,3,183_171-,Katie Baldwin,15.65,15.65,Bronze,,Senior Women Discus Throw (1Kg): 3. Katie Baldwin (15.65) BRONZE
149,Waterford AC,Senior Women,Discus Throw (1Kg),*,1,0,0,184_171-,Tbc Waterford Ac,,0,,,Senior Women Discus Throw (1Kg): 0. Tbc Waterford Ac (None) 
150,Enniscorthy AC,Senior Women,Javelin Throw (600g),*,1,1,1,187_172-,Saidbhe Byrne,32.72,32.72,Gold,,Senior Women Javelin Throw (600g): 1. Saidbhe Byrne (32.72) GOLD
150,Kilkenny City Harriers,Senior Women,Javelin Throw (600g),*,1,2,2,185_172-,Hazel Coogan ,26.51,26.51,Silver,,Senior Women Javelin Throw (600g): 2. Hazel Coogan  (26.51) SILVER
150,St Abbans AC,Senior Women,Javelin Throw (600g),*,1,3,3,183_172-,Katie Baldwin,19.48,19.48,Bronze,,Senior Women Javelin Throw (600g): 3. Katie Baldwin (19.48) BRONZE
150,Waterford AC,Senior Women,Javelin Throw (600g),*,1,4,4,184_172-,Tbc Waterford Ac,8.61,8.61,,,Senior Women Javelin Throw (600g): 4. Tbc Waterford Ac (8.61) 
151,St Abbans AC,Senior Women,Triple Jump,*,1,1,1,183_173-,Saragh Buggy,11.89,11.89,Gold,,Senior Women Triple Jump: 1. Saragh Buggy (11.89) GOLD
151,Enniscorthy AC,Senior Women,Triple Jump,*,1,2,2,187_173-,Tbc Enniscorthy Ac,9.13,9.13,Silver,,Senior Women Triple Jump: 2. Tbc Enniscorthy Ac (9.13) SILVER
151,Waterford AC,Senior Women,Triple Jump,*,1,3,3,184_173-,Chloe O Connor,8.91,8.91,Bronze,,Senior Women Triple Jump: 3. Chloe O Connor (8.91) BRONZE
151,Kilkenny City Harriers,Senior Women,Triple Jump,*,1,4,4,185_173-,Abbie O Brien,8.05,8.05,,,Senior Women Triple Jump: 4. Abbie O Brien (8.05) 
152,Kilkenny City Harriers,Senior Men,110m Hurdles (0.991m),*,1,1,1,200_174-,Noah Gilmore,16.47,16.464,Gold,,Senior Men 110m Hurdles (0.991m): 1. Noah Gilmore (16.47) GOLD
152,Waterford AC,Senior Men,110m Hurdles (0.991m),*,1,2,2,50_174-,Taiwo Adereni,18.01,18.006,Silver,,Senior Men 110m Hurdles (0.991m): 2. Taiwo Adereni (18.01) SILVER
152,Enniscorthy AC,Senior Men,110m Hurdles (0.991m),*,1,3,3,20_174-,Peter O Connor,19.22,19.22,Bronze,,Senior Men 110m Hurdles (0.991m): 3. Peter O Connor (19.22) BRONZE
152,Galway City Harriers,Senior Men,110m Hurdles (0.991m),*,1,4,4,49_174-,Richard Kamson,22.35,22.347,,,Senior Men 110m Hurdles (0.991m): 4. Richard Kamson (22.35) 
152,Crusaders AC,Senior Men,110m Hurdles (0.991m),*,1,0,0,19_174-,Sean Owens,DNS,-3,,,Senior Men 110m Hurdles (0.991m): 0. Sean Owens (DNS) 
152,Raheny Shamrock,Senior Men,110m Hurdles (0.991m),*,1,0,0,16_174-,Tbc Raheny Shamrock,DNS,-3,,,Senior Men 110m Hurdles (0.991m): 0. Tbc Raheny Shamrock (DNS) 
153,Kilkenny City Harriers,Senior Men,1500m Walk,*,1,1,1,200_175-,Nicholas Dunphy,7:50.83,470.823,Gold,,Senior Men 1500m Walk: 1. Nicholas Dunphy (7:50.83) GOLD
153,Waterford AC,Senior Men,1500m Walk,*,1,2,2,50_175-,Paschal  Halley,11:05.26,665.251,Silver,,Senior Men 1500m Walk: 2. Paschal  Halley (11:05.26) SILVER
153,Enniscorthy AC,Senior Men,1500m Walk,*,1,3,3,20_175-,Keelan Dobbs,11:17.72,677.72,Bronze,,Senior Men 1500m Walk: 3. Keelan Dobbs (11:17.72) BRONZE
153,Galway City Harriers,Senior Men,1500m Walk,*,1,4,4,49_175-,Ben Sheehan,13:26.82,806.82,,,Senior Men 1500m Walk: 4. Ben Sheehan (13:26.82) 
153,Crusaders AC,Senior Men,1500m Walk,*,1,0,0,19_175-,Tbc Crusaders Ac,DNS,-3,,,Senior Men 1500m Walk: 0. Tbc Crusaders Ac (DNS) 
153,Raheny Shamrock,Senior Men,1500m Walk,*,1,0,0,16_175-,Simon Devenney,DNS,-3,,,Senior Men 1500m Walk: 0. Simon Devenney (DNS) 
154,Raheny Shamrock,Senior Men,400m Hurdles (0.914m),*,1,1,1,16_176-,Oisin Mccorry,58.17,58.169,Gold,,Senior Men 400m Hurdles (0.914m): 1. Oisin Mccorry (58.17) GOLD
154,Waterford AC,Senior Men,400m Hurdles (0.914m),*,1,2,2,50_176-,Gleb  Slyusar,59.43,59.426,Silver,,Senior Men 400m Hurdles (0.914m): 2. Gleb  Slyusar (59.43) SILVER
154,Galway City Harriers,Senior Men,400m Hurdles (0.914m),*,1,3,3,49_176-,Adill Prochownik,1:01.80,61.792,Bronze,,Senior Men 400m Hurdles (0.914m): 3. Adill Prochownik (1:01.80) BRONZE
154,Enniscorthy AC,Senior Men,400m Hurdles (0.914m),*,1,4,4,20_176-,Jack Browne,1:02.47,62.469,,,Senior Men 400m Hurdles (0.914m): 4. Jack Browne (1:02.47) 
154,Kilkenny City Harriers,Senior Men,400m Hurdles (0.914m),*,1,5,5,200_176-,Cormac Holden,1:05.62,65.612,,,Senior Men 400m Hurdles (0.914m): 5. Cormac Holden (1:05.62) 
154,Crusaders AC,Senior Men,400m Hurdles (0.914m),*,1,6,6,19_176-,Sean Owens,1:21.96,81.952,,,Senior Men 400m Hurdles (0.914m): 6. Sean Owens (1:21.96) 
155,Kilkenny City Harriers,Senior Men,4x100m Relay,*,1,1,1,,Kilkenny City Harriers,44.60,44.593,Gold,"Mtinsi, Kyrell, Cullen, Alex, Raggett, Louie, Gilmore, Noah, Kilkenny City Harriers, Tbc, Kilkenny City Harriers, Tbc, ",Senior Men 4x100m Relay: 1. Kilkenny City Harriers (44.60) GOLD
155,Raheny Shamrock,Senior Men,4x100m Relay,*,1,2,2,,Raheny Shamrock,44.71,44.704,Silver,"Dewilde, Fionn, Konovalov, David, Sammon, Erik , Bany, Jonas, Raheny Shamrock, Tbc, Raheny Shamrock, Tbc, ",Senior Men 4x100m Relay: 2. Raheny Shamrock (44.71) SILVER
155,Crusaders AC,Senior Men,4x100m Relay,*,1,3,3,,Crusaders AC,45.56,45.559,Bronze,"Beaumont, Liam, Gormley, Leo, Byrne, Jack, Bastow, Charlie,, Crusaders Ac, Tbc, Crusaders Ac, Tbc, ",Senior Men 4x100m Relay: 3. Crusaders AC (45.56) BRONZE
155,Galway City Harriers,Senior Men,4x100m Relay,*,1,4,4,,Galway City Harriers,45.86,45.856,,"Erugo, Jonah, Kamson, Richard, Sheehan, Ben, Mcgovern, Shane, Prochownik, Adill, Parker, Sean, ",Senior Men 4x100m Relay: 4. Galway City Harriers (45.86) 
155,Waterford AC,Senior Men,4x100m Relay,*,1,5,5,,Waterford AC,46.13,46.13,,"Mamombe, Adrian Simrashe, Hayes, Evan, Slyusar, Gleb , Halley, Tom, Savage, Paul , Waterford Ac, Tbc, ",Senior Men 4x100m Relay: 5. Waterford AC (46.13) 
155,Enniscorthy AC,Senior Men,4x100m Relay,*,1,0,0,,Enniscorthy AC,DQ,-4,,"Long, Dannan, Browne, Jack, Obasoham, Joseph, O Connor, Joss, St Claire Johnson, Chris, O Connor, Peter, ",Senior Men 4x100m Relay: 0. Enniscorthy AC (DQ) 
156,Kilkenny City Harriers,Senior Men,1500m,*,1,1,1,200_178-,Eoin  Everard,3:52.78,232.777,Gold,,Senior Men 1500m: 1. Eoin  Everard (3:52.78) GOLD
156,Raheny Shamrock,Senior Men,1500m,*,1,2,2,16_178-,Juan Ignacio Pena,3:54.95,234.947,Silver,,Senior Men 1500m: 2. Juan Ignacio Pena (3:54.95) SILVER
156,Waterford AC,Senior Men,1500m,*,1,3,3,50_178-,Aidan  Burke,4:06.58,246.58,Bronze,,Senior Men 1500m: 3. Aidan  Burke (4:06.58) BRONZE
156,Crusaders AC,Senior Men,1500m,*,1,4,4,19_178-,Alex Ainsworth,4:09.98,249.98,,,Senior Men 1500m: 4. Alex Ainsworth (4:09.98) 
156,Galway City Harriers,Senior Men,1500m,*,1,5,5,49_178-,Michael Conway,4:36.24,276.231,,,Senior Men 1500m: 5. Michael Conway (4:36.24) 
156,Enniscorthy AC,Senior Men,1500m,*,1,0,0,20_178-,John O Connor,DNS,-3,,,Senior Men 1500m: 0. John O Connor (DNS) 
157,Galway City Harriers,Senior Men,400m Sprint,*,1,1,1,49_179-,Shane Mcgovern,52.18,52.175,Gold,,Senior Men 400m Sprint: 1. Shane Mcgovern (52.18) GOLD
157,Crusaders AC,Senior Men,400m Sprint,*,1,2,2,19_179-,Jack Byrne,52.34,52.336,Silver,,Senior Men 400m Sprint: 2. Jack Byrne (52.34) SILVER
157,Kilkenny City Harriers,Senior Men,400m Sprint,*,1,3,3,200_179-,Cillian  Daly,53.24,53.234,Bronze,,Senior Men 400m Sprint: 3. Cillian  Daly (53.24) BRONZE
157,Enniscorthy AC,Senior Men,400m Sprint,*,1,4,4,20_179-,Jack Browne,54.37,54.365,,,Senior Men 400m Sprint: 4. Jack Browne (54.37) 
157,Raheny Shamrock,Senior Men,400m Sprint,*,1,5,5,16_179-,Des O'Neill,55.94,55.931,,,Senior Men 400m Sprint: 5. Des O'Neill (55.94) 
157,Waterford AC,Senior Men,400m Sprint,*,1,6,6,50_179-,Adrian Simrashe Mamombe,56.47,56.47,,,Senior Men 400m Sprint: 6. Adrian Simrashe Mamombe (56.47) 
158,Kilkenny City Harriers,Senior Men,3000m Steeplechase (0.914m),*,1,1,1,200_180-,Paddy  Kelly,11:01.58,661.571,Gold,,Senior Men 3000m Steeplechase (0.914m): 1. Paddy  Kelly (11:01.58) GOLD
158,Waterford AC,Senior Men,3000m Steeplechase (0.914m),*,1,2,2,50_180-,Fergus O'Brien,11:27.68,687.675,Silver,,Senior Men 3000m Steeplechase (0.914m): 2. Fergus O'Brien (11:27.68) SILVER
158,Crusaders AC,Senior Men,3000m Steeplechase (0.914m),*,1,3,3,19_180-,Gary Park,11:34.93,694.928,Bronze,,Senior Men 3000m Steeplechase (0.914m): 3. Gary Park (11:34.93) BRONZE
158,Galway City Harriers,Senior Men,3000m Steeplechase (0.914m),*,1,4,4,49_180-,Padraig Faherty,12:34.63,754.622,,,Senior Men 3000m Steeplechase (0.914m): 4. Padraig Faherty (12:34.63) 
158,Enniscorthy AC,Senior Men,3000m Steeplechase (0.914m),*,1,5,5,20_180-,Tbc Enniscorthy Ac,17:09.88,1029.88,,,Senior Men 3000m Steeplechase (0.914m): 5. Tbc Enniscorthy Ac (17:09.88) 
158,Raheny Shamrock,Senior Men,3000m Steeplechase (0.914m),*,1,0,0,16_180-,Tbc Raheny Shamrock,DNS,-3,,,Senior Men 3000m Steeplechase (0.914m): 0. Tbc Raheny Shamrock (DNS) 
159,Galway City Harriers,Senior Men,200m Sprint,*,1,1,1,49_181-,Robert Mcdonnell,21.67,21.668,Gold,,Senior Men 200m Sprint: 1. Robert Mcdonnell (21.67) GOLD
159,Enniscorthy AC,Senior Men,200m Sprint,*,1,2,2,20_181-,Dannan Long,21.71,21.704,Silver,,Senior Men 200m Sprint: 2. Dannan Long (21.71) SILVER
159,Kilkenny City Harriers,Senior Men,200m Sprint,*,1,3,3,200_181-,Alex Cullen,22.06,22.054,Bronze,,Senior Men 200m Sprint: 3. Alex Cullen (22.06) BRONZE
159,Raheny Shamrock,Senior Men,200m Sprint,*,1,4,4,16_181-,David Konovalov,22.59,22.583,,,Senior Men 200m Sprint: 4. David Konovalov (22.59) 
159,Crusaders AC,Senior Men,200m Sprint,*,1,5,5,19_181-,Leo Gormley,23.97,23.962,,,Senior Men 200m Sprint: 5. Leo Gormley (23.97) 
159,Waterford AC,Senior Men,200m Sprint,*,1,6,6,50_181-,Eoin  Kenny,24.49,24.484,,,Senior Men 200m Sprint: 6. Eoin  Kenny (24.49) 
160,Raheny Shamrock,Senior Men,800m,*,1,1,1,16_182-,Conrad  Latham,1:54.01,114.002,Gold,,Senior Men 800m: 1. Conrad  Latham (1:54.01) GOLD
160,Enniscorthy AC,Senior Men,800m,*,1,2,2,20_182-,Joss O Connor,1:56.12,116.114,Silver,,Senior Men 800m: 2. Joss O Connor (1:56.12) SILVER
160,Galway City Harriers,Senior Men,800m,*,1,3,3,49_182-,Sean Danker,1:58.77,118.765,Bronze,,Senior Men 800m: 3. Sean Danker (1:58.77) BRONZE
160,Kilkenny City Harriers,Senior Men,800m,*,1,4,4,200_182-,Kyrell Mtinsi,2:00.67,120.667,,,Senior Men 800m: 4. Kyrell Mtinsi (2:00.67) 
160,Crusaders AC,Senior Men,800m,*,1,5,5,19_182-,Lucas Ryan,2:00.91,120.905,,,Senior Men 800m: 5. Lucas Ryan (2:00.91) 
160,Waterford AC,Senior Men,800m,*,1,6,6,50_182-,Ronan  Smyth,2:19.11,139.109,,,Senior Men 800m: 6. Ronan  Smyth (2:19.11) 
161,Raheny Shamrock,Senior Men,5000m,*,1,1,1,16_183-,Tbc Raheny Shamrock,14:59.06,899.053,Gold,,Senior Men 5000m: 1. Tbc Raheny Shamrock (14:59.06) GOLD
161,Crusaders AC,Senior Men,5000m,*,1,2,2,19_183-,Colm Parnell,15:05.43,905.428,Silver,,Senior Men 5000m: 2. Colm Parnell (15:05.43) SILVER
161,Waterford AC,Senior Men,5000m,*,1,3,3,50_183-,Pat  Fitzgerald,15:28.02,928.012,Bronze,,Senior Men 5000m: 3. Pat  Fitzgerald (15:28.02) BRONZE
161,Galway City Harriers,Senior Men,5000m,*,1,4,4,49_183-,David Carter,15:29.81,929.81,,,Senior Men 5000m: 4. David Carter (15:29.81) 
161,Kilkenny City Harriers,Senior Men,5000m,*,1,5,5,200_183-,Ruairi Mcevoy,15:53.50,953.497,,,Senior Men 5000m: 5. Ruairi Mcevoy (15:53.50) 
161,Enniscorthy AC,Senior Men,5000m,*,1,0,0,20_183-,Tbc Enniscorthy Ac,DNS,-3,,,Senior Men 5000m: 0. Tbc Enniscorthy Ac (DNS) 
162,Galway City Harriers,Senior Men,100m Sprint,*,1,1,1,49_184-,Robert Mcdonnell,10.88,10.872,Gold,,Senior Men 100m Sprint: 1. Robert Mcdonnell (10.88) GOLD
162,Enniscorthy AC,Senior Men,100m Sprint,*,1,2,2,20_184-,Dannan Long,10.95,10.944,Silver,,Senior Men 100m Sprint: 2. Dannan Long (10.95) SILVER
162,Raheny Shamrock,Senior Men,100m Sprint,*,1,3,3,16_184-,David Konovalov,11.21,11.202,Bronze,,Senior Men 100m Sprint: 3. David Konovalov (11.21) BRONZE
162,Kilkenny City Harriers,Senior Men,100m Sprint,*,1,4,4,200_184-,Noah Gilmore,11.48,11.475,,,Senior Men 100m Sprint: 4. Noah Gilmore (11.48) 
162,Waterford AC,Senior Men,100m Sprint,*,1,5,5,50_184-,Evan Hayes,12.25,12.244,,,Senior Men 100m Sprint: 5. Evan Hayes (12.25) 
162,Crusaders AC,Senior Men,100m Sprint,*,1,6,6,19_184-,Liam Beaumont,12.27,12.265,,,Senior Men 100m Sprint: 6. Liam Beaumont (12.27) 
163,Kilkenny City Harriers,Senior Men,4x400m Relay,*,1,1,1,,Kilkenny City Harriers,3:31.81,211.802,Gold,"Gilmore, Noah, Daly, Cillian, Mtinsi, Kyrell, Cullen, Alex, Kilkenny City Harriers, Tbc, Kilkenny City Harriers, Tbc, ",Senior Men 4x400m Relay: 1. Kilkenny City Harriers (3:31.81) GOLD
163,Enniscorthy AC,Senior Men,4x400m Relay,*,1,2,2,,Enniscorthy AC,3:33.51,213.501,Silver,"Long, Dannan, Browne, Jack, O Connor, Joss, St Claire Johnson, Chris, O Connor, John, Obasoham, Joseph, ",Senior Men 4x400m Relay: 2. Enniscorthy AC (3:33.51) SILVER
163,Raheny Shamrock,Senior Men,4x400m Relay,*,1,3,3,,Raheny Shamrock,3:34.72,214.719,Bronze,"O'Neill, Des, Latham, Conrad , Ignacio Pena, Juan, Mccorry, Oisin, Raheny Shamrock, Tbc, Raheny Shamrock, Tbc, ",Senior Men 4x400m Relay: 3. Raheny Shamrock (3:34.72) BRONZE
163,Galway City Harriers,Senior Men,4x400m Relay,*,1,4,4,,Galway City Harriers,3:36.20,216.195,,"Erugo, Jonah, Prochownik, Adil, Faherty, Padraig, Mcgovern, Shane, Conway, Michael, Mcdonnell, Rob, ",Senior Men 4x400m Relay: 4. Galway City Harriers (3:36.20) 
163,Waterford AC,Senior Men,4x400m Relay,*,1,5,5,,Waterford AC,3:53.94,233.939,,"Burke, Aidan , Slyusar, Gleb , Kenny, Eoin , Halley, Tom, Savage, Paul , Waterford Ac, Tbc, ",Senior Men 4x400m Relay: 5. Waterford AC (3:53.94) 
163,Crusaders AC,Senior Men,4x400m Relay,*,1,0,0,,Crusaders AC,DNS,-3,,"Ryan, Lucas, Byrne, Jack, Ainsworth, Alex, Gormley, Leo, Crusaders Ac, Tbc, Crusaders Ac, Tbc, ",Senior Men 4x400m Relay: 0. Crusaders AC (DNS) 
164,Waterford AC,Senior Men,Hammer Throw (7.26kg),*,1,1,1,50_186-,Corey Scanlan,43.23,43.23,Gold,,Senior Men Hammer Throw (7.26kg): 1. Corey Scanlan (43.23) GOLD
164,Enniscorthy AC,Senior Men,Hammer Throw (7.26kg),*,1,2,2,20_186-,Keelan Dobbs,33.44,33.44,Silver,,Senior Men Hammer Throw (7.26kg): 2. Keelan Dobbs (33.44) SILVER
164,Raheny Shamrock,Senior Men,Hammer Throw (7.26kg),*,1,3,3,16_186-,Colm O'Donoghue,32.74,32.74,Bronze,,Senior Men Hammer Throw (7.26kg): 3. Colm O'Donoghue (32.74) BRONZE
164,Galway City Harriers,Senior Men,Hammer Throw (7.26kg),*,1,4,4,49_186-,Ben Sheehan,7.73,7.73,,,Senior Men Hammer Throw (7.26kg): 4. Ben Sheehan (7.73) 
164,Kilkenny City Harriers,Senior Men,Hammer Throw (7.26kg),*,1,0,0,200_186-,Tbc Kilkenny City Harriers,DNS,-3,,,Senior Men Hammer Throw (7.26kg): 0. Tbc Kilkenny City Harriers (DNS) 
164,Crusaders AC,Senior Men,Hammer Throw (7.26kg),*,1,0,0,19_186-,Ciaran Donnelly,DNS,-3,,,Senior Men Hammer Throw (7.26kg): 0. Ciaran Donnelly (DNS) 
165,Waterford AC,Senior Men,Pole Vault,*,1,1,1,50_187-,Evan Hayes,3.5,3.5,Gold,,Senior Men Pole Vault: 1. Evan Hayes (3.5) GOLD
165,Kilkenny City Harriers,Senior Men,Pole Vault,*,1,2,2,200_187-,Noah Gilmore,3.2,3.2,Silver,,Senior Men Pole Vault: 2. Noah Gilmore (3.2) SILVER
165,Enniscorthy AC,Senior Men,Pole Vault,*,1,3,3,20_187-,Mario Plaza Diaz,3.2,3.2,Bronze,,Senior Men Pole Vault: 3. Mario Plaza Diaz (3.2) BRONZE
165,Raheny Shamrock,Senior Men,Pole Vault,*,1,4,4,16_187-,David Moore,2,2,,,Senior Men Pole Vault: 4. David Moore (2) 
165,Crusaders AC,Senior Men,Pole Vault,*,1,0,0,19_187-,Tbc Crusaders Ac,0,0,,,Senior Men Pole Vault: 0. Tbc Crusaders Ac (0) 
165,Galway City Harriers,Senior Men,Pole Vault,*,1,0,0,49_187-,Tbc Galway City Harriers,0,0,,,Senior Men Pole Vault: 0. Tbc Galway City Harriers (0) 
166,Kilkenny City Harriers,Senior Men,Long Jump,*,1,1,1,200_188-,Louie Raggett,6.26,6.26,Gold,,Senior Men Long Jump: 1. Louie Raggett (6.26) GOLD
166,Waterford AC,Senior Men,Long Jump,*,1,2,2,50_188-,Evan Hayes,6.23,6.23,Silver,,Senior Men Long Jump: 2. Evan Hayes (6.23) SILVER
166,Galway City Harriers,Senior Men,Long Jump,*,1,3,3,49_188-,Jonah Erugo,5.33,5.33,Bronze,,Senior Men Long Jump: 3. Jonah Erugo (5.33) BRONZE
166,Crusaders AC,Senior Men,Long Jump,*,1,4,4,19_188-,Harry Alexander,4.92,4.92,,,Senior Men Long Jump: 4. Harry Alexander (4.92) 
166,Enniscorthy AC,Senior Men,Long Jump,*,1,5,5,20_188-,John O Connor,4.69,4.69,,,Senior Men Long Jump: 5. John O Connor (4.69) 
166,Raheny Shamrock,Senior Men,Long Jump,*,1,6,6,16_188-,Fionn Dewilde,4.43,4.43,,,Senior Men Long Jump: 6. Fionn Dewilde (4.43) 
167,Galway City Harriers,Senior Men,Shot Put (7.26kg),*,1,1,1,49_189-,Tom Mchugh,10.48,10.48,Gold,,Senior Men Shot Put (7.26kg): 1. Tom Mchugh (10.48) GOLD
167,Enniscorthy AC,Senior Men,Shot Put (7.26kg),*,1,2,2,20_189-,Peter  O Connor,10.31,10.31,Silver,,Senior Men Shot Put (7.26kg): 2. Peter  O Connor (10.31) SILVER
167,Waterford AC,Senior Men,Shot Put (7.26kg),*,1,3,3,50_189-,Taiwo Adereni,9.08,9.08,Bronze,,Senior Men Shot Put (7.26kg): 3. Taiwo Adereni (9.08) BRONZE
167,Kilkenny City Harriers,Senior Men,Shot Put (7.26kg),*,1,4,4,200_189-,Neil Gunning,8.08,8.08,,,Senior Men Shot Put (7.26kg): 4. Neil Gunning (8.08) 
167,Raheny Shamrock,Senior Men,Shot Put (7.26kg),*,1,5,5,16_189-,Mark Geraghty,5.94,5.94,,,Senior Men Shot Put (7.26kg): 5. Mark Geraghty (5.94) 
167,Crusaders AC,Senior Men,Shot Put (7.26kg),*,1,6,6,19_189-,Ciaran Donnelly,5.31,5.31,,,Senior Men Shot Put (7.26kg): 6. Ciaran Donnelly (5.31) 
168,Raheny Shamrock,Senior Men,High Jump,*,1,1,1,16_190-,Erik  Sammon,1.85,1.85,Gold,,Senior Men High Jump: 1. Erik  Sammon (1.85) GOLD
168,Waterford AC,Senior Men,High Jump,*,1,2,2,50_190-,Isaac Akinjewe,1.75,1.75,Silver,,Senior Men High Jump: 2. Isaac Akinjewe (1.75) SILVER
168,Kilkenny City Harriers,Senior Men,High Jump,*,1,3,3,200_190-,Conor Malone,1.65,1.65,Bronze,,Senior Men High Jump: 3. Conor Malone (1.65) BRONZE
168,Enniscorthy AC,Senior Men,High Jump,*,1,4,4,20_190-,Dannan Long,1.6,1.6,,,Senior Men High Jump: 4. Dannan Long (1.6) 
168,Crusaders AC,Senior Men,High Jump,*,1,5,5,19_190-,Joseph Norris,1.55,1.55,,,Senior Men High Jump: 5. Joseph Norris (1.55) 
168,Galway City Harriers,Senior Men,High Jump,*,1,6,6,49_190-,Igor Munten,1.5,1.5,,,Senior Men High Jump: 6. Igor Munten (1.5) 
169,Enniscorthy AC,Senior Men,Discus Throw (2Kg),*,1,1,1,20_191-,John O Connor,46.08,46.08,Gold,,Senior Men Discus Throw (2Kg): 1. John O Connor (46.08) GOLD
169,Waterford AC,Senior Men,Discus Throw (2Kg),*,1,2,2,50_191-,Corey Scanlan,40.61,40.61,Silver,,Senior Men Discus Throw (2Kg): 2. Corey Scanlan (40.61) SILVER
169,Galway City Harriers,Senior Men,Discus Throw (2Kg),*,1,3,3,49_191-,Tom Mchugh,35.92,35.92,Bronze,,Senior Men Discus Throw (2Kg): 3. Tom Mchugh (35.92) BRONZE
169,Raheny Shamrock,Senior Men,Discus Throw (2Kg),*,1,4,4,16_191-,Colm O'Donoghue,27.98,27.98,,,Senior Men Discus Throw (2Kg): 4. Colm O'Donoghue (27.98) 
169,Crusaders AC,Senior Men,Discus Throw (2Kg),*,1,5,5,19_191-,Marcus Timlin,17.76,17.76,,,Senior Men Discus Throw (2Kg): 5. Marcus Timlin (17.76) 
169,Kilkenny City Harriers,Senior Men,Discus Throw (2Kg),*,1,6,6,200_191-,Nicholas Dunphy,11.54,11.54,,,Senior Men Discus Throw (2Kg): 6. Nicholas Dunphy (11.54) 
170,Waterford AC,Senior Men,Javelin Throw (800g),*,1,1,1,50_192-,Taiwo Adereni,42.23,42.23,Gold,,Senior Men Javelin Throw (800g): 1. Taiwo Adereni (42.23) GOLD
170,Enniscorthy AC,Senior Men,Javelin Throw (800g),*,1,2,2,20_192-,Peter O Connor,40.69,40.69,Silver,,Senior Men Javelin Throw (800g): 2. Peter O Connor (40.69) SILVER
170,Galway City Harriers,Senior Men,Javelin Throw (800g),*,1,3,3,49_192-,Richard Kamson,25.69,25.69,Bronze,,Senior Men Javelin Throw (800g): 3. Richard Kamson (25.69) BRONZE
170,Raheny Shamrock,Senior Men,Javelin Throw (800g),*,1,4,4,16_192-,David Moore,20.67,20.67,,,Senior Men Javelin Throw (800g): 4. David Moore (20.67) 
170,Crusaders AC,Senior Men,Javelin Throw (800g),*,1,5,5,19_192-,Marcus Timlin,18.72,18.72,,,Senior Men Javelin Throw (800g): 5. Marcus Timlin (18.72) 
170,Kilkenny City Harriers,Senior Men,Javelin Throw (800g),*,1,6,6,200_192-,William Nugent,15.70,15.7,,,Senior Men Javelin Throw (800g): 6. William Nugent (15.70) 
171,Enniscorthy AC,Senior Men,Weight For Distance (56lbs),*,1,1,1,20_193-,Chris St Claire Johnson,5.43,5.43,Gold,,Senior Men Weight For Distance (56lbs): 1. Chris St Claire Johnson (5.43) GOLD
171,Raheny Shamrock,Senior Men,Weight For Distance (56lbs),*,1,2,2,16_193-,Mark Geraghty,4.63,4.63,Silver,,Senior Men Weight For Distance (56lbs): 2. Mark Geraghty (4.63) SILVER
171,Kilkenny City Harriers,Senior Men,Weight For Distance (56lbs),*,1,3,3,200_193-,Neil Gunning,4.50,4.5,Bronze,,Senior Men Weight For Distance (56lbs): 3. Neil Gunning (4.50) BRONZE
171,Galway City Harriers,Senior Men,Weight For Distance (56lbs),*,1,4,4,49_193-,Igor Muntean,4.27,4.27,,,Senior Men Weight For Distance (56lbs): 4. Igor Muntean (4.27) 
171,Waterford AC,Senior Men,Weight For Distance (56lbs),*,1,5,5,50_193-,Shane  Scanlan,3.59,3.59,,,Senior Men Weight For Distance (56lbs): 5. Shane  Scanlan (3.59) 
171,Crusaders AC,Senior Men,Weight For Distance (56lbs),*,1,0,0,19_193-,Kevin Woods,0,0,,,Senior Men Weight For Distance (56lbs): 0. Kevin Woods (0) 
172,Waterford AC,Senior Men,Triple Jump,*,1,1,1,50_194-,Isaac Akinjewe,11.94,11.94,Gold,,Senior Men Triple Jump: 1. Isaac Akinjewe (11.94) GOLD
172,Galway City Harriers,Senior Men,Triple Jump,*,1,2,2,49_194-,Richard Kamson,11.55,11.55,Silver,,Senior Men Triple Jump: 2. Richard Kamson (11.55) SILVER
172,Kilkenny City Harriers,Senior Men,Triple Jump,*,1,3,3,200_194-,Cormac Holden,10.66,10.66,Bronze,,Senior Men Triple Jump: 3. Cormac Holden (10.66) BRONZE
172,Raheny Shamrock,Senior Men,Triple Jump,*,1,0,0,16_194-,Tbc Raheny Shamrock,DNS,-3,,,Senior Men Triple Jump: 0. Tbc Raheny Shamrock (DNS) 
172,Crusaders AC,Senior Men,Triple Jump,*,1,0,0,19_194-,Harry Alexander,DNS,-3,,,Senior Men Triple Jump: 0. Harry Alexander (DNS) 
172,Enniscorthy AC,Senior Men,Triple Jump,*,1,0,0,20_194-,Joseph Obasoham,X,-1,,,Senior Men Triple Jump: 0. Joseph Obasoham (X) 
